COMBAT	ONEK1K	WANG
1	1	1
1	1	0
1	1	1
1	0	1
1	1	0
1	0	0
1	1	0
1	1	0
1	1	0
1	0	0
1	1	1
1	1	1
1	1	0
1	0	0
1	1	1
1	1	0
1	1	1
1	1	1
1	1	0
1	1	0
1	1	0
1	1	1
1	1	0
1	1	1
1	0	0
1	1	0
1	1	0
1	1	0
1	0	0
1	1	0
1	0	0
1	1	0
1	1	1
1	1	1
1	1	0
1	1	0
1	1	0
1	0	0
1	1	0
1	1	0
1	1	0
1	1	0
1	0	0
1	1	0
1	1	0
1	0	0
1	0	0
1	1	0
1	1	0
1	0	0
1	1	0
1	1	0
1	1	0
1	1	0
1	1	0
1	1	0
1	1	0
1	1	0
1	1	1
1	1	0
1	1	1
1	1	1
1	1	0
1	1	1
1	1	1
1	0	0
1	1	0
1	0	1
1	0	0
1	1	0
1	1	0
1	1	0
1	0	1
1	1	0
1	1	0
1	1	0
1	1	0
1	0	0
1	0	0
1	1	0
1	1	0
1	1	1
1	1	0
1	1	0
1	0	0
1	1	1
1	1	0
1	1	0
1	1	0
1	1	0
1	1	0
1	1	1
1	1	0
1	1	0
1	1	0
1	1	0
1	1	0
1	1	0
1	1	0
1	0	0
1	0	0
1	1	0
1	0	0
1	1	0
1	1	1
1	0	0
1	0	0
1	0	0
1	1	0
1	1	0
1	1	1
1	1	0
1	0	0
1	1	0
1	0	1
1	1	0
1	1	0
1	1	0
1	1	0
1	1	0
1	1	0
1	1	1
1	1	0
1	1	0
1	0	0
1	1	0
1	1	0
1	1	0
1	1	0
1	1	0
1	1	1
1	1	0
1	1	1
1	1	0
1	1	0
1	1	0
1	0	0
1	0	1
1	0	0
1	1	0
1	1	0
1	1	0
1	1	1
1	1	0
1	0	0
1	1	0
1	1	0
1	1	0
1	1	0
1	1	1
1	1	0
1	1	1
1	1	0
1	1	1
1	1	0
1	1	0
1	1	1
1	1	0
1	1	0
1	0	0
1	1	0
1	0	0
1	1	0
1	0	0
1	1	0
1	1	0
1	0	0
1	1	0
1	1	0
1	1	0
1	0	0
1	0	0
1	1	1
1	1	0
1	1	0
1	0	0
1	1	0
1	1	0
1	1	0
1	1	0
1	0	0
1	1	0
1	1	0
1	1	0
1	1	1
1	1	1
1	1	0
1	1	0
1	1	0
1	1	0
1	1	0
1	1	0
1	1	0
1	1	0
1	1	0
1	1	0
1	1	0
1	0	0
1	1	0
1	1	0
1	0	0
1	1	0
1	1	0
1	1	0
1	1	1
1	0	0
1	1	0
1	1	0
1	1	0
1	1	0
1	0	0
1	1	0
1	0	0
1	0	1
1	1	0
1	1	0
1	1	0
1	1	0
1	1	0
1	1	0
1	1	0
1	1	0
1	1	0
1	1	1
1	1	0
1	1	1
1	1	0
1	1	1
1	1	0
1	1	0
1	1	0
1	0	0
1	1	0
1	1	0
1	1	0
1	1	1
1	0	1
1	1	0
1	1	0
1	1	0
1	1	1
1	0	0
1	1	0
1	1	1
1	0	0
1	1	0
1	1	1
1	1	1
1	0	0
1	1	0
1	0	0
1	1	0
1	0	0
1	1	1
1	1	0
1	1	1
1	1	0
1	0	0
1	1	1
1	1	0
1	1	0
1	1	0
1	1	0
1	1	1
1	1	0
1	0	0
1	1	0
1	1	0
1	1	0
1	1	0
1	1	0
1	1	1
1	0	0
1	1	0
1	1	0
1	1	0
1	1	0
1	0	0
1	1	1
1	0	1
1	1	1
1	1	1
1	1	1
1	1	0
1	1	0
1	1	0
1	1	1
1	1	0
1	1	1
1	0	0
1	1	1
1	1	0
1	1	0
1	1	0
1	1	1
1	1	1
1	1	1
1	0	0
1	0	0
1	0	0
1	0	0
1	0	0
1	1	0
1	1	0
1	1	0
1	1	0
1	1	0
1	1	0
1	1	0
1	0	0
1	1	0
1	1	0
1	1	0
1	1	0
1	1	0
1	1	0
1	1	0
1	1	0
1	1	0
1	1	0
1	1	0
1	1	0
1	1	0
1	1	0
1	1	0
1	1	0
1	1	0
1	1	0
1	1	0
1	1	1
1	1	0
1	1	0
1	0	0
1	1	0
1	1	1
1	1	0
1	1	0
1	1	1
1	0	0
1	1	1
1	1	0
1	1	0
1	1	0
1	1	0
1	1	0
1	1	0
1	1	0
1	0	1
1	1	1
1	1	1
1	1	0
1	1	1
1	1	0
1	1	0
1	1	0
1	1	1
1	1	0
1	1	0
1	1	0
1	1	0
1	1	0
1	1	1
1	1	0
1	1	0
1	1	0
1	1	0
1	1	1
1	0	0
1	1	0
1	1	0
1	1	1
1	1	0
1	1	0
1	1	1
1	0	0
1	0	0
1	0	0
1	0	0
1	0	1
1	0	0
1	1	0
1	1	0
1	1	1
1	1	0
1	1	0
1	1	1
1	0	0
1	1	1
1	1	0
1	0	1
1	0	0
1	0	0
1	1	0
1	0	1
1	1	0
1	1	1
1	1	1
1	1	0
1	0	0
1	0	0
1	1	0
1	0	0
1	1	0
1	1	0
1	1	0
1	1	0
1	1	1
1	1	1
1	1	0
1	1	1
1	1	1
1	1	0
1	1	0
1	1	1
1	1	0
1	0	0
1	1	0
1	0	0
1	1	0
1	0	1
1	0	0
1	0	0
1	0	0
1	0	0
1	0	0
1	0	0
1	0	0
1	0	0
1	0	0
1	0	0
1	0	0
1	0	0
1	0	0
1	0	0
1	1	0
1	1	1
1	0	0
1	1	1
1	1	0
1	1	0
1	1	0
1	1	1
1	1	0
1	1	0
1	1	0
1	1	1
1	1	1
1	1	1
1	0	0
1	1	1
1	1	0
1	0	0
1	1	0
1	1	0
1	0	1
1	1	0
1	1	0
1	1	0
1	1	0
1	1	0
1	1	0
1	1	0
1	1	0
1	1	0
1	0	1
1	1	1
1	1	0
1	1	1
1	0	0
1	0	0
1	0	0
1	1	1
1	1	0
1	0	0
1	1	0
1	0	0
1	1	0
1	0	0
1	1	1
1	1	0
1	0	0
1	1	1
1	1	0
1	1	1
1	1	0
1	0	0
1	1	0
1	1	0
1	0	1
1	1	0
1	1	0
1	1	0
1	1	1
1	1	0
1	1	1
1	1	0
1	1	1
1	1	0
1	1	0
1	0	0
1	1	0
1	1	1
1	1	0
1	1	0
1	1	0
1	1	1
1	1	0
1	1	0
1	1	0
1	1	1
1	1	1
1	0	0
1	1	0
1	1	0
1	0	0
1	1	1
1	0	0
1	0	0
1	1	0
1	1	1
1	1	1
1	1	1
1	0	1
1	1	0
1	1	0
1	0	0
1	1	1
1	0	1
1	0	0
1	1	0
1	1	0
1	1	1
1	1	1
1	1	0
1	1	0
1	1	0
1	1	0
1	1	0
1	1	0
1	1	1
1	1	0
1	0	0
1	1	0
1	1	0
1	1	0
1	0	0
1	1	0
1	0	0
1	1	0
1	1	1
1	0	1
1	1	1
1	1	0
1	0	0
1	0	0
1	1	0
1	1	0
1	1	1
1	1	0
1	1	0
1	1	0
1	1	1
1	1	0
1	1	1
1	1	0
1	1	0
1	0	0
1	0	0
1	1	1
1	1	0
1	0	0
1	1	0
1	1	0
1	1	0
1	1	1
1	1	0
1	1	1
1	1	1
1	0	0
1	1	0
1	1	0
1	1	0
1	0	0
1	1	0
1	1	0
1	1	0
1	0	0
1	1	0
1	1	1
1	1	0
1	0	0
1	1	0
1	1	0
1	1	0
1	1	0
1	1	1
1	1	1
1	0	0
1	1	0
1	1	0
1	0	0
1	1	0
1	1	0
1	1	1
1	1	0
1	0	0
1	1	0
1	1	0
1	0	0
1	1	0
1	0	0
1	1	0
1	0	0
1	1	0
1	0	0
1	1	0
1	1	0
1	1	0
1	0	0
1	0	1
1	1	1
1	1	0
1	0	1
1	1	0
1	0	0
1	1	0
1	1	0
1	1	0
1	1	0
1	1	1
1	1	1
1	1	0
1	1	0
1	0	0
1	1	0
1	0	0
1	1	1
1	1	1
1	0	0
1	1	0
1	1	0
1	1	0
1	1	0
1	0	0
1	1	0
1	1	1
1	1	1
1	1	0
1	1	0
1	0	0
1	1	1
1	1	0
1	1	1
1	0	0
1	0	0
1	0	0
1	0	0
1	0	0
1	1	0
1	1	0
1	0	0
1	1	0
1	1	1
1	1	0
1	1	1
1	0	0
1	1	0
1	1	0
1	0	0
1	1	0
1	1	0
1	1	0
1	1	1
1	1	0
1	1	0
1	1	0
1	0	0
1	1	0
1	0	0
1	1	1
1	1	0
1	0	0
1	1	0
1	0	0
1	1	0
1	1	0
1	1	0
1	1	0
1	1	0
1	1	1
1	0	0
1	1	0
1	1	0
1	1	0
1	1	1
1	0	1
1	0	0
1	0	0
1	0	0
1	0	0
1	1	0
1	1	0
1	0	1
1	0	0
1	1	0
1	1	0
1	1	0
1	1	0
1	0	0
1	1	0
1	1	0
1	0	0
1	1	0
1	1	0
1	1	0
1	0	0
1	0	0
1	1	1
1	1	0
1	1	0
1	1	0
1	1	1
1	1	1
1	1	0
1	1	0
1	1	0
1	1	1
1	1	0
1	0	0
1	1	1
1	0	0
1	1	1
1	1	0
1	1	0
1	1	0
1	0	0
1	1	1
1	1	0
1	1	0
1	1	1
1	1	0
1	0	0
1	0	0
1	1	0
1	0	0
1	1	0
1	1	1
1	1	0
1	1	0
1	1	1
1	0	1
1	0	1
1	0	0
1	1	0
1	1	1
1	1	0
1	0	0
1	1	0
1	1	0
1	1	1
1	0	0
1	0	0
1	1	0
1	0	1
1	0	0
1	1	1
1	1	0
1	1	0
1	1	0
1	0	0
1	1	1
1	0	0
1	0	0
1	0	0
1	0	0
1	1	0
1	0	0
1	1	0
1	0	0
1	1	1
1	1	0
1	0	0
1	1	0
1	1	0
1	1	0
1	0	0
1	1	0
1	1	0
1	1	0
1	1	1
1	1	1
1	1	0
1	0	0
1	1	0
1	0	0
1	1	1
1	1	1
1	1	0
1	1	0
1	1	0
1	1	0
1	0	1
1	0	0
1	0	0
1	1	0
1	1	0
1	1	0
1	1	1
1	1	0
1	1	0
1	0	0
1	1	1
1	1	1
1	0	0
1	1	0
1	1	1
1	1	0
1	1	0
1	1	0
1	0	0
1	0	1
1	0	0
1	1	0
1	1	0
1	0	0
1	1	0
1	1	0
1	1	0
1	1	1
1	1	0
1	1	0
1	1	0
1	1	0
1	1	1
1	1	1
1	1	0
1	1	0
1	1	0
1	0	0
1	1	0
1	0	0
1	1	0
1	1	0
1	0	0
1	1	0
1	1	0
1	1	0
1	1	0
1	1	1
1	1	0
1	1	0
1	0	0
1	0	0
1	0	0
1	1	1
1	1	1
1	1	0
1	1	0
1	1	0
1	0	0
1	0	1
1	1	1
1	1	0
1	1	0
1	1	1
1	1	0
1	1	0
1	0	0
1	1	0
1	1	0
1	1	0
1	0	0
1	0	1
1	0	0
1	1	0
1	1	1
1	0	0
1	1	0
1	1	0
1	1	1
1	1	0
1	1	0
1	1	1
1	1	0
1	1	1
1	1	1
1	1	0
1	1	0
1	1	0
1	1	1
1	1	0
1	1	0
1	1	1
1	1	0
1	1	1
1	1	0
1	1	0
1	1	0
1	0	0
1	1	0
1	1	1
1	0	0
1	0	1
1	1	0
1	1	0
1	1	0
1	0	0
1	1	0
1	0	0
1	1	0
1	1	0
1	0	1
1	1	0
1	0	0
1	0	0
1	1	0
1	1	0
1	1	0
1	1	1
1	1	1
1	0	0
1	0	0
1	1	1
1	1	0
1	1	0
1	1	0
1	1	0
1	1	1
1	1	0
1	0	1
1	1	1
1	1	0
1	1	0
1	1	0
1	1	0
1	0	0
1	1	0
1	1	1
1	0	1
1	1	1
1	1	0
1	1	0
1	1	0
1	0	0
1	1	0
1	1	1
1	1	1
1	1	0
1	1	0
1	0	0
1	0	1
1	1	1
1	1	0
1	1	0
1	1	0
1	1	1
1	1	0
1	0	0
1	1	1
1	0	1
1	1	1
1	1	0
1	1	1
1	1	1
1	1	1
1	0	0
1	1	1
1	1	0
1	1	0
1	1	0
1	0	0
1	1	1
1	1	0
1	1	0
1	1	1
1	0	0
1	1	0
1	1	0
1	1	0
1	1	0
1	1	1
1	1	0
1	0	0
1	1	0
1	0	1
1	1	1
1	1	0
1	1	1
1	1	0
1	1	0
1	0	0
1	1	0
1	1	0
1	1	0
1	1	0
1	1	0
1	1	0
1	1	0
1	0	0
1	1	0
1	1	0
1	1	1
1	0	0
1	1	0
1	1	0
1	1	0
1	1	1
1	1	1
1	1	0
1	1	0
1	1	0
1	1	1
1	1	1
1	1	0
1	1	0
1	1	1
1	0	0
1	1	0
1	0	0
1	1	1
1	1	1
1	1	0
1	1	0
1	1	1
1	1	0
1	1	0
1	1	0
1	1	0
1	1	0
1	1	0
1	0	0
1	1	0
1	1	0
1	0	0
1	0	0
1	0	0
1	0	0
1	1	0
1	1	1
1	1	0
1	1	1
1	1	0
1	0	0
1	1	0
1	1	1
1	0	0
1	1	0
1	0	0
1	0	0
1	1	0
1	1	0
1	1	0
1	1	0
1	0	1
1	1	0
1	1	1
1	1	0
1	1	1
1	1	1
1	1	0
1	1	0
1	1	1
1	1	0
1	0	0
1	0	0
1	0	1
1	0	0
1	0	0
1	0	1
1	0	0
1	0	0
1	0	1
1	0	0
1	0	0
1	0	0
1	0	1
1	0	1
1	0	0
1	0	0
1	0	0
1	0	0
1	0	0
1	0	0
1	0	0
1	0	0
1	0	0
1	0	0
1	0	1
1	0	0
1	0	1
1	0	1
1	0	0
1	1	0
1	0	0
1	0	0
1	1	1
1	0	0
1	1	0
1	1	1
1	1	0
1	1	0
1	1	0
1	1	1
1	0	0
1	1	0
1	1	0
1	0	0
1	1	0
1	1	1
1	1	0
1	1	0
1	1	0
1	1	1
1	0	0
1	1	0
1	0	0
1	0	0
1	1	0
1	1	0
1	1	0
1	1	0
1	1	0
1	1	0
1	1	0
1	0	0
1	1	0
1	1	1
1	0	0
1	0	0
1	0	0
1	1	0
1	0	0
1	0	0
1	0	1
1	0	0
1	0	0
1	0	0
1	1	0
1	1	0
1	1	0
1	0	0
1	0	0
1	0	0
1	0	1
1	0	0
1	0	0
1	1	0
1	0	0
1	1	0
1	1	0
1	0	0
1	0	0
1	0	0
1	1	0
1	1	0
1	0	0
1	1	0
1	1	0
1	0	0
1	1	1
1	0	0
1	1	0
1	0	0
1	1	0
1	1	0
1	1	0
1	0	0
1	0	0
1	0	0
1	1	0
1	0	1
1	1	0
1	1	0
1	1	0
1	0	1
1	1	0
1	1	0
1	1	0
1	0	1
1	0	0
1	0	0
1	0	0
1	0	0
1	0	1
1	0	0
1	0	1
1	1	1
1	1	0
1	1	1
1	1	0
1	1	0
1	0	0
1	1	0
1	1	0
1	0	0
1	1	0
1	1	0
1	1	0
1	1	0
1	0	0
1	1	0
1	1	1
1	1	0
1	1	1
1	1	0
1	1	0
1	1	0
1	1	0
1	1	0
1	1	0
1	1	0
1	0	0
1	1	0
1	1	0
1	1	1
1	1	0
1	1	0
1	0	0
1	0	1
1	0	1
1	0	0
1	1	1
1	1	0
1	1	0
1	1	1
1	0	0
1	1	0
1	1	1
1	1	0
1	1	1
1	1	1
1	1	0
1	0	1
1	1	0
1	0	0
1	1	1
1	1	1
1	1	0
1	0	0
1	1	0
1	1	1
1	1	0
1	1	1
1	1	0
1	1	0
1	0	0
1	1	0
1	1	1
1	1	0
1	0	0
1	0	0
1	1	0
1	1	1
1	1	1
1	1	1
1	1	0
1	1	1
1	1	0
1	0	0
1	1	1
1	1	0
1	1	1
1	0	0
1	1	0
1	1	1
1	1	1
1	0	0
1	0	1
1	0	0
1	0	0
1	0	1
1	1	0
1	1	0
1	1	0
1	1	1
1	1	0
1	1	0
1	1	0
1	0	0
1	0	0
1	0	0
1	0	1
1	1	0
1	0	0
1	1	0
1	1	1
1	1	0
1	0	0
1	0	0
1	1	0
1	1	0
1	0	1
1	1	1
1	1	1
1	1	0
1	0	0
1	1	0
1	1	0
1	1	0
1	1	0
1	1	0
1	0	0
1	1	0
1	1	1
1	0	0
1	0	0
1	0	0
1	0	0
1	0	0
1	1	0
1	1	1
1	1	0
1	1	1
1	0	0
1	0	0
1	0	0
1	0	0
1	0	0
1	1	0
1	1	0
1	1	0
1	0	0
1	1	0
1	1	0
1	1	0
1	1	1
1	0	0
1	1	0
1	0	0
1	0	0
1	0	0
1	1	0
1	1	0
1	1	1
1	0	0
1	0	1
1	1	1
1	1	0
1	0	0
1	0	1
1	1	1
1	1	0
1	0	0
1	0	0
1	1	0
1	0	0
1	0	0
1	1	0
1	1	0
1	1	0
1	1	0
1	1	0
1	1	0
1	1	1
1	0	1
1	1	0
1	0	0
1	0	0
1	0	1
1	0	0
1	0	1
1	0	0
1	0	0
1	1	1
1	0	1
1	1	0
1	1	0
1	0	1
1	1	0
1	1	0
1	1	1
1	0	0
1	1	1
1	1	0
1	1	0
1	1	0
1	0	0
1	1	0
1	1	0
1	0	0
1	1	1
1	1	0
1	0	0
1	0	0
1	0	1
1	0	0
1	1	0
1	0	0
1	1	1
1	1	1
1	1	0
1	1	0
1	0	0
1	1	0
1	1	0
1	1	0
1	1	0
1	1	0
1	0	0
1	1	1
1	0	1
1	1	0
1	1	0
1	1	0
1	0	0
1	0	1
1	0	0
1	1	0
1	1	1
1	0	0
1	1	0
1	0	0
1	0	0
1	0	0
1	1	1
1	1	0
1	1	0
1	0	0
1	0	0
1	1	1
1	1	0
1	0	0
1	0	0
1	0	0
1	0	0
1	0	0
1	1	0
1	0	1
1	1	0
1	0	0
1	1	0
1	0	0
1	1	1
1	1	0
1	0	1
1	0	0
1	1	0
1	1	0
1	1	0
1	1	0
1	0	0
1	1	0
1	1	0
1	1	0
1	1	0
1	0	0
1	0	0
1	0	0
1	0	1
1	1	1
1	1	0
1	0	0
1	0	0
1	1	0
1	1	0
1	1	1
1	1	0
1	1	0
1	0	1
1	1	1
1	1	0
1	1	0
1	0	0
1	1	0
1	1	0
1	0	0
1	0	0
1	1	1
1	0	0
1	1	0
1	0	1
1	0	1
1	0	0
1	1	0
1	0	0
1	1	0
1	0	0
1	1	0
1	1	1
1	0	0
1	0	0
1	1	0
1	1	1
1	1	0
1	1	0
1	1	0
1	1	0
1	1	1
1	1	1
1	1	0
1	1	1
1	1	0
1	1	0
1	1	0
1	1	1
1	1	1
1	0	0
1	0	0
1	0	1
1	0	0
1	0	0
1	1	1
1	1	0
1	1	0
1	1	0
1	0	0
1	1	1
1	1	1
1	0	1
1	0	0
1	1	0
1	1	1
1	1	0
1	0	0
1	0	0
1	1	0
1	0	0
1	1	0
1	0	0
1	0	0
1	1	0
1	0	0
1	0	1
1	0	0
1	0	0
1	0	1
1	1	1
1	1	1
1	1	0
1	1	0
1	1	1
1	1	1
1	0	1
1	1	0
1	0	0
1	0	0
1	1	0
1	1	0
1	0	0
1	1	0
1	0	0
1	1	0
1	0	0
1	1	0
1	1	0
1	1	0
1	1	0
1	0	1
1	0	0
1	1	0
1	0	0
1	1	0
1	1	1
1	1	1
1	1	0
1	1	1
1	0	0
1	1	1
1	1	1
1	1	0
1	0	1
1	1	0
1	1	1
1	0	1
1	1	1
1	1	0
1	0	0
1	1	0
1	0	0
1	1	0
1	0	0
1	1	0
1	1	0
1	1	1
1	1	0
1	1	0
1	1	0
1	0	0
1	0	1
1	1	1
1	1	1
1	0	0
1	0	0
1	1	0
1	1	0
1	0	0
1	0	1
1	0	0
1	0	0
1	0	0
1	0	0
1	0	0
1	1	0
1	0	0
1	1	0
1	1	0
1	0	0
1	0	0
1	0	0
1	1	0
1	0	1
1	0	0
1	1	0
1	0	0
1	1	1
1	0	0
1	0	0
1	0	1
1	0	1
1	1	0
1	0	0
1	1	1
1	0	1
1	0	0
1	1	1
1	1	1
1	0	0
1	1	1
1	1	0
1	0	1
1	1	1
1	1	0
1	0	0
1	1	1
1	0	0
1	0	0
1	1	0
1	0	0
1	1	1
1	0	1
1	0	0
1	0	0
1	0	0
1	0	0
1	0	1
1	1	1
1	1	1
1	0	0
1	1	0
1	0	0
1	1	1
1	1	1
1	0	0
1	1	1
1	1	1
1	1	1
1	0	0
1	1	0
1	0	0
1	1	0
1	0	0
1	1	0
1	1	0
1	1	1
1	0	0
1	0	0
1	1	0
1	0	0
1	1	1
1	1	0
1	1	0
1	1	0
1	0	0
1	0	0
1	1	1
1	1	0
1	0	0
1	1	1
1	1	1
1	0	1
1	0	0
1	1	0
1	0	1
1	1	0
1	1	0
1	0	1
1	1	1
1	0	1
1	0	0
1	0	1
1	1	0
1	1	1
1	1	0
1	0	0
1	1	0
1	1	0
1	0	0
1	1	1
1	1	0
1	0	1
1	0	0
1	1	0
1	1	1
1	0	0
1	1	0
1	1	1
1	1	0
1	0	1
1	1	0
1	0	0
1	1	0
1	1	0
1	0	0
1	0	0
1	1	1
1	1	1
1	0	0
1	0	0
1	1	0
1	0	0
1	0	0
1	0	0
1	0	0
1	0	0
1	0	0
1	1	1
1	0	0
1	1	0
1	1	1
1	1	1
1	1	1
1	0	0
1	0	1
1	1	1
1	0	1
1	1	0
1	1	1
1	0	0
1	1	0
1	0	0
1	0	0
1	0	1
1	1	1
1	0	1
1	1	1
1	0	1
1	1	1
1	1	0
1	0	1
1	0	0
1	0	1
1	1	0
1	1	1
1	1	0
1	1	0
1	1	0
1	0	0
1	0	1
1	0	1
1	0	0
1	0	0
1	0	0
1	0	1
1	0	0
1	0	1
1	0	0
1	0	1
1	0	1
1	1	0
1	1	0
1	1	0
1	1	0
1	1	0
1	0	0
1	0	0
1	1	0
1	0	0
1	1	0
1	1	0
1	0	0
1	0	0
1	0	0
1	1	0
1	1	0
1	1	0
1	1	0
1	1	0
1	1	0
1	0	0
1	0	1
1	1	0
1	1	0
1	1	0
1	1	0
1	1	0
1	1	0
1	1	0
1	1	0
1	1	0
1	1	0
1	1	0
1	1	0
1	1	1
1	0	0
1	0	0
1	0	0
1	1	1
1	1	0
1	1	0
1	0	1
1	1	1
1	1	0
1	1	0
1	0	0
1	1	1
1	1	1
1	1	1
1	1	0
1	1	0
1	1	0
1	1	1
1	0	0
1	1	0
1	1	0
1	0	0
1	1	0
1	1	0
1	1	1
1	1	0
1	1	0
1	1	0
1	1	0
1	1	0
1	1	0
1	1	0
1	1	0
1	1	0
1	1	0
1	1	0
1	1	0
1	0	1
1	0	0
1	1	0
1	1	1
1	1	0
1	1	0
1	1	0
1	1	0
1	1	0
1	1	0
1	1	0
1	1	0
1	1	0
1	1	1
1	1	0
1	0	0
1	1	0
1	1	0
1	1	0
1	0	1
1	1	0
1	1	1
1	0	0
1	1	0
1	1	1
1	1	0
1	1	0
1	1	1
1	1	1
1	1	0
1	1	0
1	1	0
1	1	1
1	1	0
1	1	0
1	0	0
1	0	0
1	1	0
1	1	0
1	1	1
1	0	0
1	1	1
1	1	0
1	1	0
1	1	0
1	1	0
1	1	0
1	1	0
1	1	1
1	1	1
1	1	0
1	0	0
1	1	1
1	1	0
1	1	0
1	0	0
1	1	1
1	1	0
1	1	0
1	1	0
1	0	0
1	0	0
1	1	0
1	0	0
1	1	0
1	0	0
1	0	1
1	1	0
1	1	0
1	1	0
1	0	0
1	0	0
1	1	0
1	0	0
1	0	1
1	0	1
1	0	0
1	1	1
1	1	0
1	1	0
1	1	0
1	1	1
1	1	0
1	1	0
1	1	0
1	0	0
1	0	0
1	0	1
1	0	0
1	0	0
1	1	0
1	1	1
1	0	0
1	0	0
1	0	0
1	1	0
1	0	0
1	0	0
1	0	0
1	0	0
1	1	0
1	0	0
1	0	0
1	0	0
1	1	0
1	1	0
1	1	0
1	1	0
1	0	0
1	0	0
1	0	0
1	0	0
1	0	0
1	0	0
1	0	0
1	0	0
1	0	0
1	0	0
1	1	0
0	1	0
0	1	0
0	1	0
0	1	0
0	1	1
0	1	0
0	1	1
0	1	0
0	1	0
0	1	0
0	1	1
0	1	1
0	1	0
0	1	0
0	1	1
0	1	0
0	1	0
0	1	0
0	1	0
0	1	0
0	1	0
0	1	0
0	1	0
0	1	0
0	1	0
0	1	0
0	1	0
0	1	0
0	1	0
0	1	0
0	1	0
0	1	0
0	1	0
0	1	0
0	1	1
0	1	0
0	1	1
0	1	0
0	1	0
0	1	0
0	1	0
0	1	0
0	1	0
0	1	0
0	1	0
0	1	0
0	1	0
0	1	0
0	1	0
0	1	1
0	1	1
0	1	1
0	1	1
0	1	0
0	1	1
0	1	0
0	1	0
0	1	0
0	1	0
0	1	0
0	1	1
0	1	0
0	1	1
0	1	1
0	1	0
0	1	0
0	1	0
0	1	1
0	1	1
0	1	0
0	1	0
0	1	0
0	1	0
0	1	0
0	1	0
0	1	0
0	1	0
0	1	0
0	1	0
0	1	0
0	1	0
0	1	0
0	1	1
0	1	0
0	1	0
0	1	0
0	1	0
0	1	0
0	1	1
0	1	0
0	1	0
0	1	0
0	1	0
0	1	0
0	1	0
0	1	0
0	1	0
0	1	0
0	1	0
0	1	0
0	1	0
0	1	0
0	1	0
0	1	1
0	1	0
0	1	0
0	1	0
0	1	1
0	1	0
0	1	0
0	1	0
0	1	0
0	1	0
0	1	1
0	1	0
0	1	0
0	1	1
0	1	0
0	1	0
0	1	0
0	1	0
0	1	0
0	1	0
0	1	0
0	1	0
0	1	1
0	1	0
0	1	0
0	1	0
0	1	0
0	1	0
0	1	0
0	1	0
0	1	0
0	1	0
0	1	0
0	1	0
0	1	0
0	1	1
0	1	0
0	1	0
0	1	0
0	1	0
0	1	0
0	1	0
0	1	0
0	1	0
0	1	0
0	1	0
0	1	0
0	1	0
0	1	0
0	1	1
0	1	0
0	1	0
0	1	0
0	1	0
0	1	1
0	1	0
0	1	0
0	1	0
0	1	0
0	1	0
0	1	0
0	1	0
0	1	0
0	1	0
0	1	0
0	1	0
0	1	1
0	1	1
0	1	0
0	1	0
0	1	0
0	1	0
0	1	0
0	1	0
0	1	0
0	1	0
0	1	0
0	1	0
0	1	0
0	1	0
0	1	0
0	1	0
0	1	0
0	1	0
0	1	0
0	1	1
0	1	0
0	1	0
0	1	0
0	1	0
0	1	0
0	1	1
0	1	0
0	1	0
0	1	0
0	1	0
0	1	0
0	1	1
0	1	0
0	1	0
0	1	0
0	1	0
0	1	0
0	1	1
0	1	1
0	1	0
0	1	0
0	1	1
0	1	0
0	1	0
0	1	0
0	1	0
0	1	0
0	1	0
0	1	0
0	1	0
0	1	0
0	1	0
0	1	0
0	1	0
0	1	0
0	1	0
0	1	1
0	1	1
0	1	0
0	1	0
0	1	0
0	1	0
0	1	0
0	1	1
0	1	0
0	1	0
0	1	0
0	1	0
0	1	0
0	1	0
0	1	0
0	1	0
0	1	0
0	1	1
0	1	0
0	1	1
0	1	1
0	1	0
0	1	0
0	1	0
0	1	0
0	1	0
0	1	0
0	1	0
0	1	0
0	1	1
0	1	0
0	1	0
0	1	0
0	1	0
0	1	0
0	1	0
0	1	0
0	1	0
0	1	0
0	1	1
0	1	0
0	1	0
0	1	0
0	1	0
0	1	0
0	1	1
0	1	0
0	1	0
0	1	0
0	1	0
0	1	0
0	1	0
0	1	0
0	1	0
0	1	1
0	1	1
0	1	0
0	1	0
0	1	0
0	1	0
0	1	0
0	1	0
0	1	0
0	1	0
0	1	0
0	1	1
0	1	0
0	1	0
0	1	0
0	1	0
0	1	1
0	1	0
0	1	0
0	1	0
0	1	0
0	1	0
0	1	0
0	1	0
0	1	0
0	1	0
0	1	0
0	1	1
0	1	0
0	1	0
0	1	0
0	1	1
0	1	0
0	1	0
0	1	0
0	1	0
0	1	0
0	1	0
0	1	0
0	1	0
0	1	0
0	1	0
0	1	0
0	1	0
0	1	0
0	1	0
0	1	0
0	1	0
0	1	0
0	1	1
0	1	0
0	1	0
0	1	0
0	1	1
0	1	0
0	1	0
0	1	0
0	1	0
0	1	0
0	1	0
0	1	0
0	1	0
0	1	0
0	1	0
0	1	0
0	1	0
0	1	0
0	1	0
0	1	0
0	1	0
0	1	1
0	1	1
0	1	0
0	1	0
0	1	0
0	1	0
0	1	0
0	1	0
0	1	0
0	1	0
0	1	0
0	1	0
0	1	0
0	1	0
0	1	0
0	1	0
0	1	1
0	1	0
0	1	0
0	1	0
0	1	0
0	1	0
0	1	0
0	1	0
0	1	0
0	1	0
0	1	0
0	1	0
0	1	0
0	1	0
0	1	0
0	1	0
0	1	1
0	1	0
0	1	0
0	1	1
0	1	0
0	1	0
0	1	0
0	1	0
0	1	0
0	1	0
0	1	1
0	1	0
0	1	0
0	1	0
0	1	1
0	1	0
0	1	0
0	1	0
0	1	1
0	1	0
0	1	0
0	1	0
0	1	0
0	1	0
0	1	0
0	1	0
0	1	0
0	1	1
0	1	0
0	1	0
0	1	0
0	1	0
0	1	0
0	1	0
0	1	0
0	1	0
0	1	1
0	1	1
0	1	0
0	1	0
0	1	0
0	1	0
0	1	0
0	1	0
0	1	0
0	1	0
0	1	0
0	1	1
0	1	0
0	1	0
0	1	0
0	1	0
0	1	1
0	1	0
0	1	0
0	1	0
0	1	0
0	1	0
0	1	0
0	1	0
0	1	0
0	1	0
0	1	0
0	1	0
0	1	1
0	1	0
0	1	0
0	1	0
0	1	0
0	1	0
0	1	1
0	1	0
0	1	0
0	1	0
0	1	0
0	1	0
0	1	0
0	1	0
0	1	0
0	1	0
0	1	0
0	1	0
0	1	0
0	1	0
0	1	0
0	1	0
0	1	0
0	1	0
0	1	0
0	1	0
0	1	0
0	1	0
0	1	0
0	1	0
0	1	0
0	1	0
0	1	0
0	1	0
0	1	0
0	1	0
0	1	1
0	1	0
0	1	0
0	1	0
0	1	0
0	1	1
0	1	0
0	1	0
0	1	0
0	1	0
0	1	0
0	1	0
0	1	0
0	1	0
0	1	0
0	1	0
0	1	0
0	1	0
0	1	0
0	1	1
0	1	1
0	1	1
0	1	0
0	1	0
0	1	0
0	1	1
0	1	0
0	1	0
0	1	0
0	1	0
0	1	0
0	1	0
0	1	0
0	1	1
0	1	0
0	1	0
0	1	0
0	1	1
0	1	0
0	1	0
0	1	1
0	1	0
0	1	0
0	1	1
0	1	0
0	1	0
0	1	0
0	1	0
0	1	1
0	1	0
0	1	0
0	1	0
0	1	0
0	1	0
0	1	1
0	1	1
0	1	0
0	1	0
0	1	0
0	1	1
0	1	0
0	1	0
0	1	0
0	1	1
0	1	0
0	1	0
0	1	0
0	1	0
0	1	0
0	1	0
0	1	1
0	1	0
0	1	0
0	1	0
0	1	0
0	1	0
0	1	0
0	1	0
0	1	0
0	1	0
0	1	0
0	1	0
0	1	0
0	1	1
0	1	0
0	1	0
0	1	0
0	1	0
0	1	0
0	1	0
0	1	0
0	1	0
0	1	1
0	1	0
0	1	0
0	1	0
0	1	0
0	1	0
0	1	0
0	1	0
0	1	1
0	1	0
0	1	0
0	1	0
0	1	0
0	1	0
0	1	0
0	1	0
0	1	0
0	1	0
0	1	0
0	1	1
0	1	0
0	1	1
0	1	0
0	1	0
0	1	0
0	1	0
0	1	0
0	1	0
0	1	0
0	1	0
0	1	0
0	1	0
0	1	0
0	1	0
0	1	0
0	1	0
0	1	0
0	1	0
0	1	0
0	1	0
0	1	0
0	1	1
0	1	1
0	1	0
0	1	0
0	1	0
0	1	0
0	1	0
0	1	0
0	1	0
0	1	0
0	1	0
0	1	0
0	1	0
0	1	0
0	1	0
0	1	0
0	1	0
0	1	0
0	1	0
0	1	0
0	1	0
0	1	0
0	1	0
0	1	0
0	1	0
0	1	0
0	1	0
0	1	1
0	1	0
0	1	0
0	1	0
0	1	0
0	1	0
0	1	1
0	1	0
0	1	0
0	1	0
0	1	1
0	1	1
0	1	0
0	1	0
0	1	0
0	1	0
0	1	0
0	1	0
0	1	0
0	1	0
0	1	0
0	1	0
0	1	0
0	1	0
0	1	0
0	1	0
0	1	0
0	1	0
0	1	0
0	1	1
0	1	0
0	1	0
0	1	0
0	1	0
0	1	0
0	1	0
0	1	0
0	1	0
0	1	0
0	1	0
0	1	0
0	1	0
0	1	0
0	1	0
0	1	0
0	1	0
0	1	0
0	1	0
0	1	0
0	1	0
0	1	0
0	1	0
0	1	0
0	1	0
0	1	0
0	1	0
0	1	0
0	1	0
0	1	1
0	1	0
0	1	0
0	1	0
0	1	1
0	1	1
0	1	0
0	1	0
0	1	0
0	1	0
0	1	0
0	1	0
0	1	0
0	1	1
0	1	0
0	1	0
0	1	0
0	1	0
0	1	0
0	1	0
0	1	0
0	1	0
0	1	0
0	1	0
0	1	0
0	1	1
0	1	0
0	1	0
0	1	1
0	1	0
0	1	1
0	1	0
0	1	0
0	1	0
0	1	0
0	1	0
0	1	0
0	1	0
0	1	0
0	1	0
0	1	0
0	1	0
0	1	1
0	1	0
0	1	0
0	1	0
0	1	1
0	1	0
0	1	0
0	1	0
0	1	0
0	1	0
0	1	0
0	1	0
0	1	0
0	1	0
0	1	0
0	1	0
0	1	0
0	1	0
0	1	1
0	1	0
0	1	0
0	1	0
0	1	0
0	1	0
0	1	0
0	1	0
0	1	0
0	1	0
0	1	0
0	1	0
0	1	1
0	1	0
0	1	0
0	1	0
0	1	0
0	1	0
0	1	0
0	1	0
0	1	0
0	1	0
0	1	0
0	1	0
0	1	0
0	1	0
0	1	0
0	1	0
0	1	0
0	1	1
0	1	0
0	1	1
0	1	0
0	1	0
0	1	0
0	1	0
0	1	0
0	1	0
0	1	1
0	1	0
0	1	0
0	1	1
0	1	0
0	1	0
0	1	0
0	1	0
0	1	0
0	1	0
0	1	0
0	1	0
0	1	0
0	1	0
0	1	0
0	1	0
0	1	0
0	1	0
0	1	1
0	1	0
0	1	1
0	1	0
0	1	0
0	1	0
0	1	0
0	1	0
0	1	0
0	1	1
0	1	0
0	1	0
0	1	0
0	1	0
0	1	0
0	1	0
0	1	0
0	1	0
0	1	0
0	1	0
0	1	0
0	1	0
0	1	0
0	1	0
0	1	1
0	1	0
0	1	0
0	1	0
0	1	0
0	1	0
0	1	0
0	1	0
0	1	0
0	1	0
0	1	0
0	1	0
0	1	0
0	1	0
0	1	1
0	1	0
0	1	0
0	1	0
0	1	0
0	1	0
0	1	0
0	1	0
0	1	1
0	1	0
0	1	0
0	1	0
0	1	0
0	1	0
0	1	0
0	1	1
0	1	0
0	1	0
0	1	0
0	1	1
0	1	1
0	1	0
0	1	0
0	1	1
0	1	0
0	1	0
0	1	0
0	1	0
0	1	0
0	1	0
0	1	0
0	1	0
0	1	0
0	1	0
0	1	1
0	1	0
0	1	0
0	1	0
0	1	1
0	1	0
0	1	0
0	1	0
0	1	1
0	1	0
0	1	0
0	1	0
0	1	0
0	1	0
0	1	1
0	1	1
0	1	0
0	1	0
0	1	0
0	1	0
0	1	0
0	1	0
0	1	0
0	1	0
0	1	1
0	1	0
0	1	0
0	1	0
0	1	0
0	1	1
0	1	0
0	1	0
0	1	0
0	1	0
0	1	0
0	1	0
0	1	0
0	1	0
0	1	0
0	1	0
0	1	0
0	1	0
0	1	0
0	1	0
0	1	1
0	1	0
0	1	0
0	1	0
0	1	0
0	1	0
0	1	0
0	1	0
0	1	0
0	1	0
0	1	0
0	1	0
0	1	0
0	1	0
0	1	0
0	1	0
0	1	0
0	1	0
0	1	0
0	1	1
0	1	0
0	1	0
0	1	0
0	1	0
0	1	0
0	1	0
0	1	1
0	1	1
0	1	1
0	1	0
0	1	0
0	1	1
0	1	0
0	1	0
0	1	0
0	1	1
0	1	0
0	1	1
0	1	0
0	1	0
0	1	0
0	1	0
0	1	0
0	1	0
0	1	0
0	1	1
0	1	0
0	1	0
0	1	0
0	1	0
0	1	0
0	1	1
0	1	0
0	1	0
0	1	0
0	1	0
0	1	0
0	1	0
0	1	0
0	1	0
0	1	0
0	1	0
0	1	0
0	1	0
0	1	0
0	1	0
0	1	0
0	1	0
0	1	0
0	1	0
0	1	1
0	1	0
0	1	0
0	1	0
0	1	0
0	1	0
0	1	0
0	1	0
0	1	0
0	1	0
0	1	0
0	1	0
0	1	0
0	1	0
0	1	0
0	1	0
0	1	0
0	1	0
0	1	0
0	1	0
0	1	0
0	1	0
0	1	0
0	1	0
0	1	0
0	1	0
0	1	0
0	1	0
0	1	0
0	1	0
0	1	0
0	1	0
0	1	0
0	1	0
0	1	0
0	1	0
0	1	0
0	1	0
0	1	0
0	1	0
0	1	0
0	1	0
0	1	0
0	1	0
0	1	0
0	1	0
0	1	0
0	1	0
0	1	0
0	1	0
0	1	0
0	1	0
0	1	0
0	1	0
0	1	0
0	1	0
0	1	0
0	1	0
0	1	0
0	1	0
0	1	0
0	1	0
0	1	0
0	1	0
0	1	0
0	1	0
0	1	0
0	1	0
0	1	0
0	1	0
0	1	0
0	1	0
0	1	0
0	1	0
0	1	0
0	1	0
0	1	0
0	1	0
0	1	0
0	1	0
0	1	0
0	1	0
0	1	0
0	1	0
0	1	0
0	1	0
0	1	0
0	1	0
0	1	0
0	1	0
0	1	0
0	1	0
0	1	0
0	1	0
0	1	0
0	1	0
0	1	0
0	1	0
0	1	0
0	1	1
0	1	0
0	1	1
0	1	0
0	1	0
0	1	0
0	1	0
0	1	0
0	1	0
0	1	0
0	1	0
0	1	0
0	1	0
0	1	0
0	1	0
0	1	0
0	1	1
0	1	0
0	1	0
0	1	0
0	1	0
0	1	0
0	1	0
0	1	0
0	1	0
0	1	0
0	1	0
0	1	0
0	1	0
0	1	1
0	1	1
0	1	0
0	1	0
0	1	0
0	1	0
0	1	0
0	1	0
0	1	0
0	1	0
0	1	0
0	1	0
0	1	0
0	1	0
0	1	0
0	1	0
0	1	0
0	1	0
0	1	0
0	1	0
0	1	0
0	1	0
0	1	0
0	1	0
0	1	0
0	1	0
0	1	0
0	1	0
0	1	0
0	1	0
0	1	0
0	1	0
0	1	0
0	1	0
0	1	0
0	1	0
0	1	0
0	1	0
0	1	0
0	1	0
0	1	1
0	1	0
0	1	0
0	1	0
0	1	0
0	1	0
0	1	0
0	1	0
0	1	0
0	1	0
0	1	1
0	1	1
0	1	0
0	1	1
0	1	0
0	1	0
0	1	0
0	1	0
0	1	1
0	1	0
0	1	0
0	1	0
0	1	0
0	1	0
0	1	0
0	1	1
0	1	0
0	1	0
0	1	1
0	1	0
0	1	0
0	1	0
0	1	1
0	1	1
0	1	0
0	1	0
0	1	0
0	1	0
0	1	0
0	1	0
0	1	0
0	1	0
0	1	0
0	1	0
0	1	0
0	1	0
0	1	1
0	1	0
0	1	0
0	1	0
0	1	0
0	1	1
0	1	0
0	1	1
0	1	1
0	1	0
0	1	0
0	1	0
0	1	0
0	1	0
0	1	0
0	1	0
0	1	0
0	1	0
0	1	0
0	1	1
0	1	0
0	1	0
0	1	0
0	1	0
0	1	0
0	1	1
0	1	1
0	1	1
0	1	0
0	1	0
0	1	0
0	1	1
0	1	0
0	1	0
0	1	1
0	1	1
0	1	0
0	1	0
0	1	0
0	1	0
0	1	0
0	1	0
0	1	0
0	1	0
0	1	0
0	1	0
0	1	0
0	1	0
0	1	0
0	1	1
0	1	0
0	1	0
0	1	0
0	1	1
0	1	0
0	1	1
0	1	0
0	1	0
0	1	0
0	1	0
0	1	0
0	1	0
0	1	0
0	1	0
0	1	0
0	1	0
0	1	0
0	1	0
0	1	0
0	1	0
0	1	0
0	1	0
0	1	0
0	1	0
0	1	0
0	1	0
0	1	0
0	1	0
0	1	0
0	1	1
0	1	0
0	1	0
0	1	0
0	1	0
0	1	0
0	1	0
0	1	0
0	1	1
0	1	0
0	1	0
0	1	0
0	1	0
0	1	0
0	1	0
0	1	1
0	1	1
0	1	0
0	1	0
0	1	0
0	1	0
0	1	0
0	1	1
0	1	0
0	1	0
0	1	0
0	1	0
0	1	0
0	1	0
0	1	0
0	1	0
0	1	1
0	1	1
0	1	0
0	1	0
0	1	0
0	1	0
0	1	0
0	1	0
0	1	1
0	1	0
0	1	0
0	1	0
0	1	0
0	1	0
0	1	0
0	1	1
0	1	0
0	1	0
0	1	0
0	1	0
0	1	0
0	1	0
0	1	0
0	1	0
0	1	0
0	1	0
0	1	0
0	1	0
0	1	0
0	1	0
0	1	1
0	1	0
0	1	1
0	1	0
0	1	1
0	1	0
0	1	0
0	1	0
0	1	0
0	1	0
0	1	0
0	1	0
0	1	0
0	1	0
0	1	0
0	1	0
0	1	0
0	1	1
0	1	0
0	1	0
0	1	0
0	1	0
0	1	1
0	1	0
0	1	0
0	1	0
0	1	0
0	1	0
0	1	0
0	1	0
0	1	0
0	1	0
0	1	1
0	1	0
0	1	0
0	1	1
0	1	0
0	1	0
0	1	0
0	1	0
0	1	1
0	1	0
0	1	0
0	1	0
0	1	0
0	1	0
0	1	0
0	1	0
0	1	1
0	1	1
0	1	0
0	1	0
0	1	0
0	1	1
0	1	0
0	1	0
0	1	0
0	1	0
0	1	0
0	1	0
0	1	0
0	1	0
0	1	0
0	1	0
0	1	1
0	1	1
0	1	1
0	1	0
0	1	0
0	1	0
0	1	0
0	1	0
0	1	0
0	1	1
0	1	0
0	1	0
0	1	1
0	1	0
0	1	0
0	1	1
0	1	0
0	1	1
0	1	0
0	1	0
0	1	0
0	1	0
0	1	1
0	1	0
0	1	0
0	1	0
0	1	0
0	1	0
0	1	0
0	1	0
0	1	0
0	1	1
0	1	0
0	1	0
0	1	0
0	1	0
0	1	0
0	1	1
0	1	0
0	1	0
0	1	1
0	1	0
0	1	0
0	1	0
0	1	0
0	1	0
0	1	0
0	1	0
0	1	0
0	1	0
0	1	0
0	1	0
0	1	1
0	1	0
0	1	0
0	1	0
0	1	0
0	1	0
0	1	0
0	1	1
0	1	0
0	1	0
0	1	0
0	1	0
0	1	0
0	1	0
0	1	0
0	1	0
0	1	0
0	1	0
0	1	0
0	1	0
0	1	0
0	1	0
0	1	0
0	1	0
0	1	0
0	1	0
0	1	0
0	1	0
0	1	0
0	1	1
0	1	0
0	1	0
0	1	0
0	1	0
0	1	0
0	1	0
0	1	0
0	1	0
0	1	0
0	1	0
0	1	0
0	1	0
0	1	0
0	1	0
0	1	0
0	1	0
0	1	1
0	1	0
0	1	0
0	1	0
0	1	0
0	1	0
0	1	0
0	1	0
0	1	0
0	1	0
0	1	0
0	1	0
0	1	0
0	1	0
0	1	0
0	1	0
0	1	0
0	1	1
0	1	0
0	1	0
0	1	0
0	1	0
0	1	0
0	1	1
0	1	0
0	1	1
0	1	0
0	1	0
0	1	1
0	1	0
0	1	0
0	1	0
0	1	0
0	1	0
0	1	0
0	1	0
0	1	0
0	1	0
0	1	0
0	1	1
0	1	0
0	1	0
0	1	0
0	1	0
0	1	1
0	1	0
0	1	0
0	1	1
0	1	0
0	1	1
0	1	0
0	1	0
0	1	0
0	1	0
0	1	0
0	1	0
0	1	0
0	1	0
0	1	0
0	1	0
0	1	0
0	1	1
0	1	0
0	1	0
0	1	0
0	1	0
0	1	0
0	1	0
0	1	0
0	1	0
0	1	0
0	1	0
0	1	0
0	1	0
0	1	0
0	1	0
0	1	0
0	1	0
0	1	0
0	1	0
0	1	0
0	1	0
0	1	0
0	1	0
0	1	1
0	1	0
0	1	0
0	1	0
0	1	0
0	1	0
0	1	0
0	1	0
0	1	0
0	1	0
0	1	1
0	1	0
0	1	0
0	1	0
0	1	0
0	1	0
0	1	0
0	1	0
0	1	0
0	1	0
0	1	0
0	1	1
0	1	1
0	1	0
0	1	0
0	1	0
0	1	0
0	1	0
0	1	1
0	1	0
0	1	0
0	1	0
0	1	1
0	1	0
0	1	0
0	1	0
0	1	0
0	1	0
0	1	1
0	1	0
0	1	0
0	1	1
0	1	1
0	1	1
0	1	0
0	1	0
0	1	0
0	1	0
0	1	1
0	1	0
0	1	0
0	1	1
0	1	0
0	1	0
0	1	0
0	1	1
0	1	1
0	1	0
0	1	0
0	1	0
0	1	0
0	1	0
0	1	0
0	1	0
0	1	0
0	1	0
0	1	0
0	1	0
0	1	0
0	1	0
0	1	0
0	1	0
0	1	0
0	1	0
0	1	0
0	1	0
0	1	0
0	1	0
0	1	0
0	1	0
0	1	0
0	1	0
0	1	0
0	1	0
0	1	0
0	1	0
0	1	0
0	1	0
0	1	0
0	1	0
0	1	0
0	1	0
0	1	1
0	1	0
0	1	0
0	1	0
0	1	0
0	1	0
0	1	0
0	1	0
0	1	0
0	1	0
0	1	0
0	1	0
0	1	0
0	1	0
0	1	0
0	1	0
0	1	0
0	1	0
0	1	0
0	1	1
0	1	0
0	1	1
0	1	0
0	1	1
0	1	0
0	1	0
0	1	0
0	1	0
0	1	0
0	1	1
0	1	0
0	1	0
0	1	0
0	1	0
0	1	0
0	1	0
0	1	1
0	1	0
0	1	1
0	1	0
0	1	0
0	1	0
0	1	0
0	1	0
0	1	0
0	1	0
0	1	0
0	1	0
0	1	0
0	1	0
0	1	1
0	1	1
0	1	0
0	1	0
0	1	0
0	1	0
0	1	0
0	1	0
0	1	0
0	1	0
0	1	0
0	1	0
0	1	0
0	1	0
0	1	0
0	1	0
0	1	1
0	1	1
0	1	1
0	1	1
0	1	0
0	1	1
0	1	0
0	1	0
0	1	0
0	1	0
0	1	0
0	1	0
0	1	0
0	1	0
0	1	1
0	1	0
0	1	0
0	1	0
0	1	1
0	1	1
0	1	0
0	1	0
0	1	0
0	1	0
0	1	0
0	1	0
0	1	0
0	1	0
0	1	0
0	1	0
0	1	0
0	1	0
0	1	0
0	1	0
0	1	0
0	1	0
0	1	0
0	1	0
0	1	1
0	1	0
0	1	0
0	1	1
0	1	0
0	1	1
0	1	0
0	1	0
0	1	0
0	1	0
0	1	0
0	1	0
0	1	0
0	1	0
0	1	0
0	1	1
0	1	1
0	1	0
0	1	0
0	1	0
0	1	0
0	1	0
0	1	0
0	1	1
0	1	1
0	1	0
0	1	0
0	1	0
0	1	0
0	1	0
0	1	0
0	1	1
0	1	0
0	1	1
0	1	0
0	1	0
0	1	1
0	1	1
0	1	0
0	1	0
0	1	0
0	1	1
0	1	0
0	1	0
0	1	0
0	1	0
0	1	0
0	1	0
0	1	0
0	1	0
0	1	0
0	1	0
0	1	0
0	1	0
0	1	0
0	1	0
0	1	0
0	1	0
0	1	0
0	1	1
0	1	0
0	1	0
0	1	0
0	1	0
0	1	0
0	1	0
0	1	0
0	1	0
0	1	1
0	1	1
0	1	1
0	1	0
0	1	0
0	1	0
0	1	0
0	1	0
0	1	0
0	1	0
0	1	0
0	1	0
0	1	0
0	1	0
0	1	0
0	1	1
0	1	0
0	1	0
0	1	0
0	1	0
0	1	0
0	1	0
0	1	0
0	1	0
0	1	0
0	1	1
0	1	0
0	1	0
0	1	0
0	1	0
0	1	0
0	1	0
0	1	0
0	1	0
0	1	0
0	1	0
0	1	0
0	1	0
0	1	1
0	1	0
0	1	0
0	1	0
0	1	0
0	1	0
0	1	0
0	1	0
0	1	0
0	1	1
0	1	0
0	1	0
0	1	0
0	1	0
0	1	0
0	1	0
0	1	0
0	1	0
0	1	0
0	1	0
0	1	0
0	1	0
0	1	0
0	1	1
0	1	0
0	1	0
0	1	0
0	1	0
0	1	0
0	1	0
0	1	0
0	1	0
0	1	0
0	1	0
0	1	0
0	1	0
0	1	0
0	1	1
0	1	1
0	1	0
0	1	1
0	1	0
0	1	0
0	1	0
0	1	0
0	1	0
0	1	0
0	1	1
0	1	0
0	1	1
0	1	1
0	1	0
0	1	0
0	1	0
0	1	1
0	1	0
0	1	0
0	1	1
0	1	0
0	1	1
0	1	0
0	1	0
0	1	1
0	1	0
0	1	0
0	1	0
0	1	0
0	1	0
0	1	0
0	1	1
0	1	0
0	1	0
0	1	0
0	1	0
0	1	0
0	1	0
0	1	0
0	1	1
0	1	0
0	1	0
0	1	0
0	1	0
0	1	0
0	1	0
0	1	0
0	1	0
0	1	1
0	1	1
0	1	0
0	1	0
0	1	0
0	1	1
0	1	0
0	1	0
0	1	0
0	1	1
0	1	0
0	1	0
0	1	0
0	1	0
0	1	0
0	1	0
0	1	0
0	1	0
0	1	0
0	1	0
0	1	0
0	1	0
0	1	0
0	1	0
0	1	0
0	1	1
0	1	0
0	1	0
0	1	0
0	1	0
0	1	0
0	1	0
0	1	0
0	1	0
0	1	0
0	1	0
0	1	0
0	1	0
0	1	0
0	1	0
0	1	0
0	1	0
0	1	0
0	1	0
0	1	0
0	1	1
0	1	1
0	1	0
0	1	0
0	1	0
0	1	0
0	1	0
0	1	0
0	1	0
0	1	0
0	1	0
0	1	0
0	1	0
0	1	0
0	1	0
0	1	0
0	1	0
0	1	0
0	1	0
0	1	0
0	1	0
0	1	0
0	1	0
0	1	0
0	1	0
0	1	0
0	1	1
0	1	0
0	1	0
0	1	0
0	1	0
0	1	0
0	1	0
0	1	0
0	1	0
0	1	0
0	1	0
0	1	0
0	1	0
0	1	1
0	1	0
0	1	0
0	1	0
0	1	0
0	1	0
0	1	0
0	1	0
0	1	0
0	1	0
0	1	0
0	1	0
0	1	0
0	1	0
0	1	0
0	1	0
0	1	0
0	1	0
0	1	0
0	1	0
0	1	0
0	1	0
0	1	0
0	1	0
0	1	0
0	1	1
0	1	0
0	1	0
0	1	0
0	1	0
0	1	1
0	1	1
0	1	0
0	1	0
0	1	0
0	1	1
0	1	0
0	1	0
0	1	0
0	1	0
0	1	0
0	1	0
0	1	0
0	1	0
0	1	0
0	1	0
0	1	0
0	1	0
0	1	0
0	1	1
0	1	0
0	1	1
0	1	0
0	1	0
0	1	0
0	1	0
0	1	0
0	1	0
0	1	0
0	1	0
0	1	0
0	1	1
0	1	1
0	1	0
0	1	0
0	1	0
0	1	0
0	1	0
0	1	0
0	1	0
0	1	0
0	1	0
0	1	0
0	1	1
0	1	0
0	1	0
0	1	0
0	1	0
0	1	1
0	1	1
0	1	0
0	1	0
0	1	0
0	1	0
0	1	0
0	1	0
0	1	0
0	1	0
0	1	0
0	1	0
0	1	0
0	1	0
0	1	0
0	1	0
0	1	0
0	1	0
0	1	1
0	1	0
0	1	0
0	1	0
0	1	0
0	1	1
0	1	0
0	1	0
0	1	0
0	1	0
0	1	0
0	1	1
0	1	0
0	1	0
0	1	1
0	1	0
0	1	0
0	1	0
0	1	0
0	1	0
0	1	1
0	1	0
0	1	1
0	1	0
0	1	0
0	1	0
0	1	0
0	1	0
0	1	0
0	1	0
0	1	0
0	1	1
0	1	0
0	1	0
0	1	0
0	1	0
0	1	0
0	1	0
0	1	0
0	1	0
0	1	0
0	1	0
0	1	0
0	1	0
0	1	1
0	1	0
0	1	0
0	1	1
0	1	1
0	1	0
0	1	0
0	1	1
0	1	0
0	1	0
0	1	0
0	1	0
0	1	0
0	1	0
0	1	1
0	1	0
0	1	0
0	1	0
0	1	0
0	1	0
0	1	0
0	1	0
0	1	0
0	1	0
0	1	0
0	1	1
0	1	0
0	1	0
0	1	1
0	1	0
0	1	0
0	1	0
0	1	0
0	1	0
0	1	0
0	1	0
0	1	0
0	1	0
0	1	0
0	1	0
0	1	0
0	1	0
0	1	0
0	1	0
0	1	0
0	1	1
0	1	0
0	1	1
0	1	0
0	1	0
0	1	0
0	1	0
0	1	0
0	1	0
0	1	0
0	1	0
0	1	1
0	1	0
0	1	0
0	1	0
0	1	0
0	1	0
0	1	0
0	1	1
0	1	1
0	1	0
0	1	0
0	1	0
0	1	0
0	1	0
0	1	0
0	1	1
0	1	0
0	1	0
0	1	0
0	1	1
0	1	0
0	1	0
0	1	0
0	1	0
0	1	0
0	1	0
0	1	1
0	1	0
0	1	0
0	1	0
0	1	0
0	1	0
0	1	1
0	1	1
0	1	0
0	1	0
0	1	1
0	1	0
0	1	0
0	1	0
0	1	0
0	1	0
0	1	1
0	1	0
0	1	0
0	1	0
0	1	0
0	1	1
0	1	0
0	1	0
0	1	0
0	1	1
0	1	0
0	1	0
0	1	1
0	1	0
0	1	0
0	1	0
0	1	0
0	1	1
0	1	1
0	1	0
0	1	0
0	1	0
0	1	0
0	1	0
0	1	1
0	1	0
0	1	0
0	1	0
0	1	0
0	1	0
0	1	0
0	1	0
0	1	0
0	1	0
0	1	0
0	1	0
0	1	0
0	1	0
0	1	0
0	1	0
0	1	0
0	1	0
0	1	0
0	1	0
0	1	0
0	1	0
0	1	0
0	1	0
0	1	0
0	1	0
0	1	0
0	1	1
0	1	0
0	1	0
0	1	0
0	1	1
0	1	0
0	1	0
0	1	0
0	1	0
0	1	0
0	1	0
0	1	0
0	1	0
0	1	0
0	1	0
0	1	0
0	1	0
0	1	0
0	1	0
0	1	0
0	1	0
0	1	0
0	1	0
0	1	0
0	1	1
0	1	0
0	1	0
0	1	0
0	1	0
0	1	0
0	1	0
0	1	1
0	1	0
0	1	0
0	1	0
0	1	0
0	1	0
0	1	0
0	1	0
0	1	1
0	1	1
0	1	0
0	1	0
0	1	1
0	1	0
0	1	1
0	1	0
0	1	0
0	1	0
0	1	1
0	1	0
0	1	0
0	1	0
0	1	0
0	1	0
0	1	0
0	1	0
0	1	0
0	1	0
0	1	0
0	1	0
0	1	1
0	1	0
0	1	1
0	1	0
0	1	0
0	1	0
0	1	0
0	1	1
0	1	0
0	1	0
0	1	1
0	1	0
0	1	0
0	1	0
0	1	1
0	1	0
0	1	1
0	1	0
0	1	0
0	1	0
0	1	0
0	1	0
0	1	0
0	1	0
0	1	0
0	1	0
0	1	0
0	1	0
0	1	1
0	1	0
0	1	1
0	1	1
0	1	0
0	1	0
0	1	0
0	1	0
0	1	0
0	1	0
0	1	1
0	1	0
0	1	0
0	1	0
0	1	1
0	1	1
0	1	1
0	1	0
0	1	1
0	1	0
0	1	0
0	1	0
0	1	0
0	1	0
0	1	0
0	1	0
0	1	0
0	1	0
0	1	0
0	1	0
0	1	0
0	1	0
0	1	0
0	1	1
0	1	0
0	1	0
0	1	0
0	1	0
0	1	0
0	1	1
0	1	1
0	1	0
0	1	1
0	1	0
0	1	1
0	1	0
0	1	0
0	1	0
0	1	0
0	1	0
0	1	0
0	1	0
0	1	0
0	1	0
0	1	1
0	1	0
0	1	0
0	1	0
0	1	0
0	1	0
0	1	0
0	1	0
0	1	0
0	1	0
0	1	0
0	1	1
0	1	1
0	1	0
0	1	0
0	1	0
0	1	0
0	1	1
0	1	0
0	1	0
0	1	0
0	1	0
0	1	0
0	1	0
0	1	0
0	1	0
0	1	0
0	1	0
0	1	1
0	1	0
0	1	1
0	1	0
0	1	0
0	1	0
0	1	0
0	1	0
0	1	1
0	1	0
0	1	1
0	1	1
0	1	0
0	1	0
0	1	0
0	1	0
0	1	1
0	1	0
0	1	0
0	1	0
0	1	1
0	1	0
0	1	0
0	1	1
0	1	0
0	1	1
0	1	0
0	1	0
0	1	0
0	1	1
0	1	0
0	1	0
0	1	0
0	1	1
0	1	0
0	1	0
0	1	0
0	1	0
0	1	0
0	1	1
0	1	0
0	1	0
0	1	0
0	1	0
0	1	0
0	1	0
0	1	1
0	1	0
0	1	0
0	1	0
0	1	0
0	1	0
0	1	0
0	1	0
0	1	0
0	1	0
0	1	0
0	1	0
0	1	0
0	1	0
0	1	0
0	1	0
0	1	0
0	1	0
0	1	1
0	1	1
0	1	0
0	1	0
0	1	0
0	1	0
0	1	0
0	1	1
0	1	0
0	1	0
0	1	0
0	1	0
0	1	0
0	1	0
0	1	0
0	1	0
0	1	0
0	1	0
0	1	0
0	1	0
0	1	0
0	1	0
0	1	0
0	1	0
0	1	0
0	1	1
0	1	0
0	1	0
0	1	1
0	1	0
0	1	1
0	1	0
0	1	0
0	1	0
0	1	0
0	1	0
0	1	1
0	1	0
0	1	0
0	1	0
0	1	0
0	1	0
0	1	1
0	1	0
0	1	0
0	1	0
0	1	0
0	1	0
0	1	1
0	1	0
0	1	0
0	1	0
0	1	1
0	1	0
0	1	0
0	1	0
0	1	0
0	1	0
0	1	0
0	1	0
0	1	0
0	1	0
0	1	0
0	1	0
0	1	0
0	1	0
0	1	0
0	1	0
0	1	0
0	1	0
0	1	0
0	1	0
0	1	0
0	1	0
0	1	0
0	1	0
0	1	0
0	1	0
0	1	0
0	1	0
0	1	1
0	1	0
0	1	0
0	1	0
0	1	1
0	1	0
0	1	0
0	1	0
0	1	0
0	1	0
0	1	0
0	1	0
0	1	0
0	1	0
0	1	0
0	1	0
0	1	1
0	1	0
0	1	0
0	1	0
0	1	1
0	1	0
0	1	1
0	1	0
0	1	0
0	1	0
0	1	0
0	1	0
0	1	0
0	1	0
0	1	0
0	1	1
0	1	0
0	1	0
0	1	0
0	1	0
0	1	0
0	1	1
0	1	0
0	1	0
0	1	0
0	1	0
0	1	0
0	1	0
0	1	0
0	1	0
0	1	0
0	1	0
0	1	0
0	1	0
0	1	0
0	1	0
0	1	0
0	1	0
0	1	0
0	1	0
0	1	1
0	1	1
0	1	1
0	1	0
0	1	0
0	1	0
0	1	0
0	1	0
0	1	1
0	1	0
0	1	0
0	1	1
0	1	0
0	1	1
0	1	0
0	1	0
0	1	0
0	1	0
0	1	0
0	1	0
0	1	0
0	1	0
0	1	0
0	1	0
0	1	0
0	1	1
0	1	0
0	1	0
0	1	0
0	1	0
0	1	0
0	1	1
0	1	0
0	1	0
0	1	0
0	1	0
0	1	0
0	1	0
0	1	1
0	1	0
0	1	0
0	1	0
0	1	0
0	1	0
0	1	0
0	1	0
0	1	1
0	1	0
0	1	0
0	1	0
0	1	0
0	1	0
0	1	0
0	1	0
0	1	0
0	1	0
0	1	0
0	1	0
0	1	0
0	1	0
0	1	0
0	1	0
0	1	0
0	1	0
0	1	0
0	1	0
0	1	0
0	1	0
0	1	0
0	1	0
0	1	0
0	1	0
0	1	0
0	1	0
0	1	0
0	1	0
0	1	0
0	1	0
0	1	1
0	1	0
0	1	0
0	1	0
0	1	0
0	1	1
0	1	0
0	1	0
0	1	0
0	1	0
0	1	0
0	1	0
0	1	1
0	1	1
0	1	0
0	1	1
0	1	0
0	1	0
0	1	0
0	1	0
0	1	0
0	1	0
0	1	1
0	1	0
0	1	0
0	1	0
0	1	0
0	1	0
0	1	0
0	1	0
0	1	0
0	1	0
0	1	0
0	1	0
0	1	0
0	1	0
0	1	0
0	1	0
0	1	0
0	1	0
0	1	0
0	1	1
0	1	0
0	1	0
0	1	0
0	1	0
0	1	0
0	1	1
0	1	1
0	1	0
0	1	0
0	1	1
0	1	0
0	1	0
0	1	0
0	1	0
0	1	0
0	1	0
0	1	0
0	1	0
0	1	1
0	1	0
0	1	0
0	1	0
0	1	0
0	1	0
0	1	0
0	1	0
0	1	0
0	1	0
0	1	0
0	1	0
0	1	0
0	1	0
0	1	1
0	1	0
0	1	0
0	1	0
0	1	0
0	1	0
0	1	0
0	1	0
0	1	0
0	1	0
0	1	0
0	1	0
0	1	0
0	1	0
0	1	1
0	1	1
0	1	1
0	1	0
0	1	0
0	1	0
0	1	0
0	1	0
0	1	0
0	1	0
0	1	0
0	1	0
0	1	0
0	1	0
0	1	0
0	1	0
0	1	0
0	1	1
0	1	0
0	1	1
0	1	0
0	1	0
0	1	0
0	1	0
0	1	0
0	1	0
0	1	0
0	1	0
0	1	0
0	1	0
0	1	0
0	1	0
0	1	0
0	1	1
0	1	1
0	1	0
0	1	0
0	1	1
0	1	0
0	1	0
0	1	0
0	1	1
0	1	0
0	1	0
0	1	0
0	1	0
0	1	0
0	1	0
0	1	0
0	1	0
0	1	0
0	1	1
0	1	0
0	1	0
0	1	0
0	1	1
0	1	0
0	1	0
0	1	0
0	1	0
0	1	0
0	1	0
0	1	0
0	1	0
0	1	0
0	1	0
0	1	0
0	1	0
0	1	0
0	1	0
0	1	0
0	1	0
0	1	0
0	1	0
0	1	0
0	1	0
0	1	0
0	1	0
0	1	0
0	1	0
0	1	0
0	1	0
0	1	0
0	1	0
0	1	0
0	1	1
0	1	0
0	1	1
0	1	0
0	1	1
0	1	1
0	1	0
0	1	0
0	1	0
0	1	0
0	1	0
0	1	0
0	1	0
0	1	1
0	1	0
0	1	0
0	1	0
0	1	0
0	1	0
0	1	0
0	1	0
0	1	0
0	1	1
0	1	0
0	1	0
0	1	0
0	1	0
0	1	0
0	1	0
0	1	0
0	1	0
0	1	0
0	1	0
0	1	0
0	1	0
0	1	0
0	1	1
0	1	0
0	1	1
0	1	0
0	1	0
0	1	1
0	1	0
0	1	0
0	1	0
0	1	0
0	1	0
0	1	0
0	1	0
0	1	0
0	1	0
0	1	0
0	1	1
0	1	1
0	1	0
0	1	0
0	1	0
0	1	0
0	1	1
0	1	0
0	1	1
0	1	1
0	1	0
0	1	0
0	1	0
0	1	0
0	1	0
0	1	0
0	1	0
0	1	0
0	1	0
0	1	0
0	1	0
0	1	0
0	1	0
0	1	0
0	1	0
0	1	0
0	1	0
0	1	1
0	1	0
0	1	0
0	1	0
0	1	0
0	1	0
0	1	0
0	1	1
0	1	0
0	1	0
0	1	0
0	1	0
0	1	0
0	1	0
0	1	0
0	1	0
0	1	0
0	1	0
0	1	0
0	1	0
0	1	0
0	1	0
0	1	1
0	1	0
0	1	0
0	1	1
0	1	1
0	1	0
0	1	0
0	1	0
0	1	0
0	1	0
0	1	0
0	1	0
0	1	1
0	1	0
0	1	0
0	1	0
0	1	0
0	1	1
0	1	0
0	1	0
0	1	0
0	1	1
0	1	0
0	1	0
0	1	0
0	1	0
0	1	0
0	1	0
0	1	0
0	1	0
0	1	0
0	1	0
0	1	0
0	1	0
0	1	0
0	1	0
0	1	0
0	1	0
0	1	0
0	1	0
0	1	0
0	1	0
0	1	0
0	1	0
0	1	0
0	1	0
0	1	0
0	1	0
0	1	1
0	1	1
0	1	1
0	1	0
0	1	0
0	1	1
0	1	0
0	1	1
0	1	1
0	1	0
0	1	0
0	1	0
0	1	0
0	1	0
0	1	0
0	1	1
0	1	0
0	1	1
0	1	0
0	1	1
0	1	1
0	1	0
0	1	1
0	1	0
0	1	0
0	1	1
0	1	1
0	1	1
0	1	0
0	1	0
0	1	1
0	1	0
0	1	0
0	1	0
0	1	0
0	1	0
0	1	0
0	1	0
0	1	0
0	1	0
0	1	0
0	1	1
0	1	0
0	1	0
0	1	0
0	1	0
0	1	0
0	1	0
0	1	0
0	1	0
0	1	1
0	1	0
0	1	0
0	1	0
0	1	0
0	1	0
0	1	0
0	1	0
0	1	0
0	1	0
0	1	0
0	1	0
0	1	1
0	1	0
0	1	0
0	1	0
0	1	1
0	1	0
0	1	0
0	1	0
0	1	0
0	1	0
0	1	0
0	1	0
0	1	0
0	1	0
0	1	1
0	1	0
0	1	0
0	1	0
0	1	1
0	1	0
0	1	1
0	1	1
0	1	0
0	1	0
0	1	0
0	1	0
0	1	0
0	1	0
0	1	0
0	1	0
0	1	0
0	1	0
0	1	0
0	1	0
0	1	0
0	1	0
0	1	1
0	1	0
0	1	1
0	1	0
0	1	1
0	1	0
0	1	0
0	1	0
0	1	0
0	1	0
0	1	0
0	1	0
0	1	0
0	1	0
0	1	0
0	1	0
0	1	0
0	1	0
0	1	1
0	1	0
0	1	0
0	1	1
0	1	0
0	1	1
0	1	0
0	1	0
0	1	0
0	1	0
0	1	1
0	1	0
0	1	0
0	1	0
0	1	0
0	1	0
0	1	0
0	1	0
0	1	0
0	1	0
0	1	0
0	1	0
0	1	0
0	1	0
0	1	0
0	1	0
0	1	0
0	1	0
0	1	0
0	1	0
0	1	0
0	1	0
0	1	0
0	1	0
0	1	0
0	1	0
0	1	0
0	1	0
0	1	0
0	1	0
0	1	0
0	1	0
0	1	0
0	1	0
0	1	0
0	1	0
0	1	0
0	1	0
0	1	0
0	1	0
0	1	0
0	1	0
0	1	0
0	1	1
0	1	0
0	1	0
0	1	0
0	1	0
0	1	0
0	1	0
0	1	0
0	1	0
0	1	0
0	1	0
0	1	0
0	1	0
0	1	0
0	1	0
0	1	0
0	1	0
0	1	1
0	1	1
0	1	0
0	1	1
0	1	0
0	1	0
0	1	0
0	1	0
0	1	0
0	1	0
0	1	0
0	1	0
0	1	0
0	1	0
0	1	0
0	1	0
0	1	0
0	1	0
0	1	0
0	1	0
0	1	0
0	1	0
0	1	0
0	1	0
0	1	0
0	1	0
0	1	0
0	1	0
0	1	0
0	1	0
0	1	0
0	1	0
0	1	1
0	1	0
0	1	0
0	1	0
0	1	1
0	1	0
0	1	1
0	1	0
0	1	0
0	1	0
0	1	0
0	1	0
0	1	0
0	1	0
0	1	0
0	1	0
0	1	0
0	1	1
0	1	0
0	1	0
0	1	0
0	1	1
0	1	0
0	1	0
0	1	0
0	1	0
0	1	1
0	1	0
0	1	0
0	1	0
0	1	0
0	1	0
0	1	1
0	1	0
0	1	0
0	1	0
0	1	0
0	1	0
0	1	1
0	1	0
0	1	0
0	1	0
0	1	0
0	1	0
0	1	0
0	1	0
0	1	0
0	1	0
0	1	0
0	1	0
0	1	0
0	1	0
0	1	0
0	1	0
0	1	0
0	1	0
0	1	0
0	1	0
0	1	0
0	1	0
0	1	0
0	1	0
0	1	0
0	1	0
0	1	0
0	1	0
0	1	0
0	1	0
0	1	0
0	1	0
0	1	1
0	1	1
0	1	0
0	1	0
0	1	0
0	1	1
0	1	0
0	1	0
0	1	0
0	1	1
0	1	0
0	1	0
0	1	0
0	1	0
0	1	0
0	1	0
0	1	0
0	1	0
0	1	0
0	1	0
0	1	0
0	1	0
0	1	0
0	1	0
0	1	0
0	1	0
0	1	0
0	1	0
0	1	0
0	1	0
0	1	0
0	1	0
0	1	1
0	1	1
0	1	0
0	1	0
0	1	0
0	1	0
0	1	0
0	1	0
0	1	0
0	1	0
0	1	0
0	1	0
0	1	0
0	1	0
0	1	0
0	1	0
0	1	0
0	1	0
0	1	0
0	1	0
0	1	0
0	1	0
0	1	0
0	1	0
0	1	0
0	1	1
0	1	0
0	1	0
0	1	0
0	1	0
0	1	0
0	1	0
0	1	0
0	1	0
0	1	0
0	1	0
0	1	0
0	1	0
0	1	0
0	1	0
0	1	0
0	1	0
0	1	0
0	1	0
0	1	0
0	1	0
0	1	0
0	1	0
0	1	0
0	1	0
0	1	0
0	1	0
0	1	0
0	1	0
0	1	0
0	1	0
0	1	0
0	1	0
0	1	0
0	1	0
0	1	1
0	1	0
0	1	0
0	1	0
0	1	0
0	1	0
0	1	0
0	1	0
0	1	0
0	1	0
0	1	0
0	1	0
0	1	0
0	1	0
0	1	0
0	1	0
0	1	0
0	1	0
0	1	0
0	1	0
0	1	0
0	1	0
0	1	0
0	1	0
0	1	0
0	1	0
0	1	0
0	1	0
0	1	0
0	1	0
0	1	0
0	1	1
0	1	0
0	1	0
0	1	0
0	1	0
0	1	0
0	1	0
0	1	0
0	1	0
0	1	0
0	1	0
0	1	0
0	1	0
0	1	0
0	1	0
0	1	1
0	1	0
0	1	1
0	1	0
0	1	0
0	1	1
0	1	0
0	1	1
0	1	0
0	1	0
0	1	1
0	1	0
0	1	0
0	1	0
0	1	0
0	1	0
0	1	0
0	1	0
0	1	1
0	1	0
0	1	0
0	1	0
0	1	0
0	1	0
0	1	0
0	1	0
0	1	0
0	1	0
0	1	0
0	1	0
0	1	0
0	1	0
0	1	0
0	1	0
0	1	0
0	1	0
0	1	0
0	1	0
0	1	0
0	1	0
0	1	0
0	1	0
0	1	0
0	1	0
0	1	0
0	1	0
0	1	0
0	1	0
0	1	1
0	1	0
0	1	0
0	1	0
0	1	1
0	1	0
0	1	0
0	1	0
0	1	0
0	1	0
0	1	0
0	1	0
0	1	0
0	1	0
0	1	0
0	1	0
0	1	0
0	1	1
0	1	0
0	1	0
0	1	0
0	1	0
0	1	0
0	1	0
0	1	0
0	1	1
0	1	0
0	1	0
0	1	0
0	1	0
0	1	0
0	1	0
0	1	0
0	1	0
0	1	1
0	1	0
0	1	0
0	1	0
0	1	1
0	1	0
0	1	0
0	1	0
0	1	1
0	1	0
0	1	0
0	1	0
0	1	1
0	1	0
0	1	0
0	1	0
0	1	0
0	1	0
0	1	0
0	1	0
0	1	0
0	1	1
0	1	0
0	1	0
0	1	0
0	1	0
0	1	1
0	1	0
0	1	0
0	1	0
0	1	0
0	1	0
0	1	0
0	1	0
0	1	0
0	1	1
0	1	0
0	1	1
0	1	0
0	1	0
0	1	0
0	1	0
0	1	0
0	1	0
0	1	0
0	1	1
0	1	0
0	1	0
0	1	0
0	1	0
0	1	0
0	1	0
0	1	0
0	1	0
0	1	0
0	1	0
0	1	0
0	1	0
0	1	1
0	1	0
0	1	0
0	1	0
0	1	0
0	1	0
0	1	0
0	1	0
0	1	0
0	1	1
0	1	0
0	1	1
0	1	0
0	1	0
0	1	0
0	1	0
0	1	0
0	1	0
0	1	0
0	1	0
0	1	0
0	1	0
0	1	1
0	1	0
0	1	1
0	1	0
0	1	0
0	1	1
0	1	0
0	1	0
0	1	0
0	1	0
0	1	0
0	1	1
0	1	0
0	1	0
0	1	0
0	1	0
0	1	0
0	1	0
0	1	0
0	1	0
0	1	0
0	1	0
0	1	0
0	1	0
0	1	0
0	1	1
0	1	0
0	1	0
0	1	0
0	1	0
0	1	1
0	1	0
0	1	0
0	1	0
0	1	0
0	1	1
0	1	0
0	1	0
0	1	0
0	1	0
0	1	1
0	1	0
0	1	0
0	1	0
0	1	0
0	1	0
0	1	0
0	1	0
0	1	1
0	1	0
0	1	0
0	1	0
0	1	0
0	1	1
0	1	0
0	1	0
0	1	1
0	1	0
0	1	0
0	1	0
0	1	0
0	1	0
0	1	0
0	1	0
0	1	0
0	1	0
0	1	0
0	1	0
0	1	0
0	1	0
0	1	0
0	1	0
0	1	1
0	1	1
0	1	0
0	1	0
0	1	0
0	1	0
0	1	0
0	1	0
0	1	0
0	1	0
0	1	0
0	1	0
0	1	1
0	1	0
0	1	1
0	1	0
0	1	0
0	1	0
0	1	0
0	1	0
0	1	0
0	1	0
0	1	0
0	1	0
0	1	0
0	1	0
0	1	0
0	1	0
0	1	0
0	1	0
0	1	0
0	1	0
0	1	0
0	1	0
0	1	0
0	1	0
0	1	0
0	1	0
0	1	0
0	1	0
0	1	1
0	1	0
0	1	0
0	1	0
0	1	0
0	1	0
0	1	0
0	1	0
0	1	0
0	1	0
0	1	0
0	1	0
0	1	0
0	1	0
0	1	0
0	1	0
0	1	0
0	1	0
0	1	0
0	1	1
0	1	0
0	1	0
0	1	0
0	1	0
0	1	0
0	1	0
0	1	0
0	1	0
0	1	0
0	1	0
0	1	0
0	1	0
0	1	0
0	1	0
0	1	0
0	1	0
0	1	0
0	1	0
0	1	0
0	1	0
0	1	1
0	1	0
0	1	0
0	1	0
0	1	1
0	1	1
0	1	0
0	1	0
0	1	0
0	1	0
0	1	0
0	1	0
0	1	0
0	1	0
0	1	0
0	1	1
0	1	0
0	1	0
0	1	0
0	1	1
0	1	1
0	1	0
0	1	0
0	1	0
0	1	0
0	1	1
0	1	0
0	1	0
0	1	0
0	1	0
0	1	0
0	1	0
0	1	0
0	1	1
0	1	0
0	1	1
0	1	0
0	1	0
0	1	1
0	1	0
0	1	0
0	1	0
0	1	0
0	1	0
0	1	1
0	1	1
0	1	0
0	1	1
0	1	1
0	1	0
0	1	0
0	1	0
0	1	0
0	1	0
0	1	0
0	1	0
0	1	0
0	1	0
0	1	1
0	1	0
0	1	0
0	1	0
0	1	0
0	1	0
0	1	1
0	1	0
0	1	0
0	1	0
0	1	0
0	1	0
0	1	0
0	1	0
0	1	1
0	1	0
0	1	0
0	1	0
0	1	0
0	1	0
0	1	0
0	1	0
0	1	1
0	1	1
0	1	0
0	1	0
0	1	0
0	1	0
0	1	0
0	1	1
0	1	0
0	1	0
0	1	0
0	1	0
0	1	0
0	1	1
0	1	0
0	1	0
0	1	0
0	1	0
0	1	0
0	1	0
0	1	0
0	1	0
0	1	0
0	1	1
0	1	0
0	1	0
0	1	0
0	1	1
0	1	0
0	1	0
0	1	0
0	1	0
0	1	0
0	1	0
0	1	1
0	1	0
0	1	0
0	1	0
0	1	1
0	1	0
0	1	1
0	1	0
0	1	0
0	1	0
0	1	0
0	1	0
0	1	0
0	1	0
0	1	0
0	1	1
0	1	0
0	1	0
0	1	0
0	1	0
0	1	0
0	1	0
0	1	1
0	1	0
0	1	0
0	1	0
0	1	0
0	1	0
0	1	0
0	1	0
0	1	0
0	1	0
0	1	0
0	1	0
0	1	0
0	1	0
0	1	1
0	1	0
0	1	0
0	1	0
0	1	0
0	1	0
0	1	0
0	1	1
0	1	0
0	1	0
0	1	0
0	1	1
0	1	0
0	1	0
0	1	0
0	1	0
0	1	0
0	1	0
0	1	1
0	1	0
0	1	0
0	1	0
0	1	1
0	1	0
0	1	0
0	1	0
0	1	0
0	1	0
0	1	0
0	1	0
0	1	0
0	1	0
0	1	0
0	1	0
0	1	0
0	1	0
0	1	1
0	1	0
0	1	0
0	1	1
0	1	0
0	1	0
0	1	0
0	1	0
0	1	0
0	1	0
0	1	0
0	1	0
0	1	1
0	1	0
0	1	0
0	1	0
0	1	0
0	1	0
0	1	0
0	1	0
0	1	0
0	1	0
0	1	0
0	1	0
0	1	1
0	1	0
0	1	0
0	1	0
0	1	0
0	1	0
0	1	0
0	1	0
0	1	1
0	1	0
0	1	0
0	1	0
0	1	0
0	1	0
0	1	0
0	1	0
0	1	0
0	1	0
0	1	0
0	1	0
0	1	0
0	1	0
0	1	0
0	1	0
0	1	0
0	1	0
0	1	0
0	1	0
0	1	0
0	1	0
0	1	0
0	1	0
0	1	0
0	1	0
0	1	0
0	1	0
0	1	0
0	1	0
0	1	0
0	1	0
0	1	0
0	1	0
0	1	0
0	1	1
0	1	0
0	1	0
0	1	0
0	1	1
0	1	0
0	1	0
0	1	0
0	1	1
0	1	1
0	1	0
0	1	0
0	1	0
0	1	0
0	1	0
0	1	0
0	1	0
0	1	0
0	1	0
0	1	1
0	1	0
0	1	1
0	1	0
0	1	0
0	1	0
0	1	0
0	1	0
0	1	0
0	1	0
0	1	1
0	1	0
0	1	0
0	1	0
0	1	0
0	1	1
0	1	0
0	1	0
0	1	1
0	1	0
0	1	0
0	1	0
0	1	0
0	1	0
0	1	0
0	1	0
0	1	0
0	1	0
0	1	0
0	1	0
0	1	0
0	1	0
0	1	0
0	1	0
0	1	0
0	1	0
0	1	0
0	1	0
0	1	0
0	1	0
0	1	1
0	1	0
0	1	0
0	1	1
0	1	0
0	1	0
0	1	1
0	1	0
0	1	0
0	1	0
0	1	0
0	1	0
0	1	0
0	1	0
0	1	0
0	1	0
0	1	0
0	1	0
0	1	1
0	1	1
0	1	0
0	1	0
0	1	0
0	1	0
0	1	0
0	1	0
0	1	0
0	1	0
0	1	0
0	1	0
0	1	0
0	1	0
0	1	0
0	1	0
0	1	0
0	1	0
0	1	0
0	1	0
0	1	0
0	1	1
0	1	0
0	1	0
0	1	0
0	1	0
0	1	0
0	1	0
0	1	0
0	1	0
0	1	1
0	1	0
0	1	1
0	1	0
0	1	0
0	1	0
0	1	0
0	1	0
0	1	1
0	1	0
0	1	0
0	1	0
0	1	0
0	1	0
0	1	0
0	1	1
0	1	0
0	1	0
0	1	0
0	1	0
0	1	0
0	1	0
0	1	0
0	1	0
0	1	0
0	1	0
0	1	0
0	1	0
0	1	0
0	1	0
0	1	0
0	1	0
0	1	0
0	1	0
0	1	1
0	1	0
0	1	0
0	1	0
0	1	0
0	1	0
0	1	0
0	1	1
0	1	0
0	1	0
0	1	0
0	1	0
0	1	0
0	1	0
0	1	0
0	1	0
0	1	1
0	1	0
0	1	1
0	1	0
0	1	1
0	1	0
0	1	0
0	1	0
0	1	0
0	1	0
0	1	0
0	1	0
0	1	0
0	1	0
0	1	0
0	1	1
0	1	0
0	1	0
0	1	1
0	1	0
0	1	0
0	1	0
0	1	0
0	1	0
0	1	0
0	1	0
0	1	1
0	1	0
0	1	0
0	1	1
0	1	1
0	1	0
0	1	0
0	1	0
0	1	0
0	1	0
0	1	0
0	1	0
0	1	0
0	1	0
0	1	0
0	1	1
0	1	0
0	1	0
0	1	0
0	1	0
0	1	0
0	1	0
0	1	0
0	1	1
0	1	1
0	1	0
0	1	1
0	1	0
0	1	0
0	1	1
0	1	0
0	1	0
0	1	0
0	1	1
0	1	0
0	1	0
0	1	0
0	1	1
0	1	1
0	1	0
0	1	1
0	1	0
0	1	1
0	1	1
0	1	1
0	1	0
0	1	0
0	1	0
0	1	0
0	1	0
0	1	0
0	1	0
0	1	0
0	1	0
0	1	0
0	1	0
0	1	0
0	1	0
0	1	0
0	1	1
0	1	0
0	1	0
0	1	0
0	1	0
0	1	1
0	1	0
0	1	0
0	1	1
0	1	0
0	1	0
0	1	0
0	1	0
0	1	0
0	1	0
0	1	0
0	1	0
0	1	1
0	1	1
0	1	0
0	1	0
0	1	0
0	1	0
0	1	0
0	1	0
0	1	0
0	1	0
0	1	0
0	1	0
0	1	0
0	1	0
0	1	0
0	1	0
0	1	0
0	1	1
0	1	0
0	1	0
0	1	0
0	1	0
0	1	0
0	1	0
0	1	0
0	1	0
0	1	0
0	1	0
0	1	0
0	1	1
0	1	0
0	1	0
0	1	0
0	1	1
0	1	1
0	1	0
0	1	0
0	1	0
0	1	0
0	1	0
0	1	0
0	1	1
0	1	0
0	1	0
0	1	0
0	1	0
0	1	0
0	1	0
0	1	0
0	1	0
0	1	0
0	1	0
0	1	0
0	1	0
0	1	0
0	1	0
0	1	0
0	1	1
0	1	0
0	1	0
0	1	0
0	1	0
0	1	0
0	1	0
0	1	1
0	1	0
0	1	0
0	1	0
0	1	0
0	1	0
0	1	1
0	1	0
0	1	0
0	1	0
0	1	0
0	1	0
0	1	0
0	1	0
0	1	0
0	1	0
0	1	0
0	1	0
0	1	0
0	1	0
0	1	0
0	1	1
0	1	0
0	1	0
0	1	1
0	1	0
0	1	0
0	1	0
0	1	1
0	1	0
0	1	0
0	1	1
0	1	0
0	1	0
0	1	0
0	1	0
0	1	0
0	1	0
0	1	0
0	1	0
0	1	0
0	1	0
0	1	1
0	1	1
0	1	1
0	1	0
0	1	0
0	1	1
0	1	0
0	1	0
0	1	1
0	1	0
0	1	0
0	1	0
0	1	0
0	1	0
0	1	1
0	1	0
0	1	0
0	1	0
0	1	0
0	1	0
0	1	0
0	1	0
0	1	0
0	1	0
0	1	1
0	1	1
0	1	0
0	1	0
0	1	0
0	1	1
0	1	0
0	1	0
0	1	1
0	1	0
0	1	0
0	1	0
0	1	0
0	1	0
0	1	0
0	1	0
0	1	0
0	1	0
0	1	0
0	1	0
0	1	0
0	1	0
0	1	0
0	1	0
0	1	0
0	1	0
0	1	0
0	1	0
0	1	1
0	1	1
0	1	0
0	1	0
0	1	0
0	1	0
0	1	1
0	1	0
0	1	0
0	1	1
0	1	0
0	1	0
0	1	0
0	1	0
0	1	0
0	1	0
0	1	0
0	1	0
0	1	1
0	1	0
0	1	0
0	1	0
0	1	0
0	1	0
0	1	0
0	1	0
0	1	0
0	1	0
0	1	0
0	1	0
0	1	0
0	1	0
0	1	0
0	1	0
0	1	0
0	1	1
0	1	0
0	1	1
0	1	0
0	1	0
0	1	0
0	1	1
0	1	0
0	1	0
0	1	1
0	1	0
0	1	0
0	1	0
0	1	0
0	1	0
0	1	1
0	1	0
0	1	0
0	1	0
0	1	0
0	1	0
0	1	0
0	1	0
0	1	0
0	1	0
0	1	0
0	1	0
0	1	0
0	1	0
0	1	0
0	1	0
0	1	0
0	1	0
0	1	0
0	1	0
0	1	0
0	1	0
0	1	0
0	1	0
0	1	0
0	1	0
0	1	0
0	1	0
0	1	0
0	1	0
0	1	0
0	1	0
0	1	0
0	1	0
0	1	0
0	1	1
0	1	0
0	1	0
0	1	0
0	1	1
0	1	0
0	1	0
0	1	0
0	1	0
0	1	0
0	1	0
0	1	0
0	1	0
0	1	0
0	1	0
0	1	0
0	1	1
0	1	0
0	1	0
0	1	0
0	1	0
0	1	0
0	1	0
0	1	0
0	1	0
0	1	0
0	1	0
0	1	0
0	1	0
0	1	0
0	1	0
0	1	1
0	1	0
0	1	0
0	1	0
0	1	0
0	1	0
0	1	0
0	1	0
0	1	0
0	1	1
0	1	0
0	1	1
0	1	0
0	1	0
0	1	0
0	1	1
0	1	0
0	1	0
0	1	0
0	1	0
0	1	0
0	1	0
0	1	0
0	1	0
0	1	0
0	1	0
0	1	0
0	1	0
0	1	0
0	1	0
0	1	0
0	1	0
0	1	0
0	1	0
0	1	0
0	1	0
0	1	0
0	1	0
0	1	0
0	1	0
0	1	0
0	1	0
0	1	0
0	1	1
0	1	0
0	1	0
0	1	0
0	1	0
0	1	0
0	1	0
0	1	0
0	1	1
0	1	0
0	1	0
0	1	0
0	1	0
0	1	0
0	1	1
0	1	0
0	1	0
0	1	0
0	1	0
0	1	0
0	1	0
0	1	0
0	1	0
0	1	0
0	1	0
0	1	0
0	1	0
0	1	0
0	1	0
0	1	0
0	1	0
0	1	0
0	1	0
0	1	0
0	1	0
0	1	0
0	1	1
0	1	0
0	1	1
0	1	0
0	1	1
0	1	1
0	1	0
0	1	0
0	1	0
0	1	0
0	1	0
0	1	0
0	1	0
0	1	0
0	1	0
0	1	1
0	1	0
0	1	0
0	1	0
0	1	0
0	1	0
0	1	0
0	1	0
0	1	0
0	1	0
0	1	0
0	1	0
0	1	0
0	1	0
0	1	0
0	1	0
0	1	0
0	1	0
0	1	0
0	1	0
0	1	0
0	1	0
0	1	0
0	1	0
0	1	0
0	1	0
0	1	0
0	1	0
0	1	0
0	1	1
0	1	0
0	1	0
0	1	0
0	1	1
0	1	0
0	1	0
0	1	0
0	1	1
0	1	0
0	1	0
0	1	0
0	1	0
0	1	0
0	1	0
0	1	0
0	1	0
0	1	0
0	1	0
0	1	0
0	1	0
0	1	0
0	1	0
0	1	1
0	1	0
0	1	1
0	1	0
0	1	0
0	1	0
0	1	0
0	1	1
0	1	1
0	1	0
0	1	0
0	1	0
0	1	0
0	1	0
0	1	0
0	1	0
0	1	0
0	1	0
0	1	0
0	1	0
0	1	0
0	1	0
0	1	0
0	1	0
0	1	0
0	1	0
0	1	1
0	1	0
0	1	0
0	1	0
0	1	0
0	1	1
0	1	0
0	1	0
0	1	0
0	1	1
0	1	0
0	1	0
0	1	0
0	1	0
0	1	0
0	1	0
0	1	0
0	1	0
0	1	0
0	1	1
0	1	0
0	1	0
0	1	0
0	1	0
0	1	1
0	1	0
0	1	0
0	1	0
0	1	0
0	1	0
0	1	0
0	1	0
0	1	0
0	1	0
0	1	0
0	1	0
0	1	0
0	1	0
0	1	0
0	1	0
0	1	0
0	1	0
0	1	0
0	1	0
0	1	0
0	1	0
0	1	0
0	1	1
0	1	0
0	1	0
0	1	1
0	1	1
0	1	0
0	1	0
0	1	0
0	1	0
0	1	0
0	1	0
0	1	0
0	1	0
0	1	0
0	1	0
0	1	1
0	1	0
0	1	1
0	1	1
0	1	0
0	1	0
0	1	0
0	1	0
0	1	0
0	1	0
0	1	0
0	1	1
0	1	0
0	1	0
0	1	0
0	1	0
0	1	1
0	1	0
0	1	0
0	1	0
0	1	0
0	1	1
0	1	0
0	1	0
0	1	0
0	1	0
0	1	0
0	1	0
0	1	0
0	1	0
0	1	0
0	1	0
0	1	0
0	1	0
0	1	1
0	1	0
0	1	0
0	1	0
0	1	0
0	1	0
0	1	0
0	1	0
0	1	1
0	1	0
0	1	0
0	1	0
0	1	1
0	1	0
0	1	0
0	1	0
0	1	0
0	1	0
0	1	0
0	1	0
0	1	0
0	1	0
0	1	0
0	1	0
0	1	0
0	1	1
0	1	0
0	1	1
0	1	0
0	1	0
0	1	0
0	1	0
0	1	0
0	1	0
0	1	0
0	1	1
0	1	1
0	1	1
0	1	0
0	1	0
0	1	0
0	1	0
0	1	0
0	1	1
0	1	1
0	1	0
0	1	0
0	1	1
0	1	1
0	1	1
0	1	1
0	1	0
0	1	0
0	1	0
0	1	0
0	1	0
0	1	1
0	1	1
0	1	0
0	1	0
0	1	0
0	1	0
0	1	0
0	1	1
0	1	0
0	1	0
0	1	0
0	1	0
0	1	0
0	1	0
0	1	0
0	1	0
0	1	0
0	1	0
0	1	0
0	1	0
0	1	0
0	1	1
0	1	1
0	1	1
0	1	0
0	1	0
0	1	0
0	1	0
0	1	0
0	1	1
0	1	0
0	1	0
0	1	0
0	1	1
0	1	0
0	1	0
0	1	0
0	1	0
0	1	1
0	1	1
0	1	1
0	1	0
0	1	0
0	1	0
0	1	0
0	1	0
0	1	0
0	1	1
0	1	0
0	1	1
0	1	0
0	1	1
0	1	0
0	1	0
0	1	1
0	1	1
0	1	1
0	1	1
0	1	1
0	1	0
0	1	0
0	1	0
0	1	0
0	1	0
0	1	1
0	1	0
0	1	0
0	1	1
0	1	0
0	1	0
0	1	0
0	1	1
0	1	0
0	1	1
0	1	0
0	1	0
0	1	1
0	1	0
0	1	0
0	1	0
0	1	1
0	1	0
0	1	0
0	1	0
0	1	0
0	1	0
0	1	0
0	1	1
0	1	0
0	1	1
0	1	0
0	1	0
0	1	0
0	1	0
0	1	0
0	1	0
0	1	0
0	1	0
0	1	0
0	1	0
0	1	0
0	1	0
0	1	0
0	1	0
0	1	0
0	1	0
0	1	0
0	1	0
0	1	0
0	1	0
0	1	1
0	1	0
0	1	0
0	1	0
0	1	0
0	1	0
0	1	0
0	1	0
0	1	0
0	1	0
0	1	0
0	1	0
0	1	0
0	1	0
0	1	0
0	1	0
0	1	0
0	1	0
0	1	0
0	1	0
0	1	0
0	1	0
0	1	0
0	1	0
0	1	0
0	1	0
0	1	0
0	1	1
0	1	0
0	1	0
0	1	0
0	1	0
0	1	0
0	1	0
0	1	0
0	1	0
0	1	0
0	1	0
0	1	0
0	1	1
0	1	0
0	1	0
0	1	0
0	1	0
0	1	0
0	1	0
0	1	1
0	1	0
0	1	0
0	1	1
0	1	1
0	1	0
0	1	0
0	1	0
0	1	0
0	1	0
0	1	0
0	1	1
0	1	0
0	1	0
0	1	0
0	1	0
0	1	1
0	1	0
0	1	0
0	1	0
0	1	1
0	1	1
0	0	1
0	0	1
0	0	1
0	0	1
0	0	1
0	0	1
0	0	1
0	0	1
0	0	1
0	0	1
0	0	1
0	0	1
0	0	1
0	0	1
0	0	1
0	0	1
0	0	1
0	0	1
0	0	1
0	0	1
0	0	1
0	0	1
0	0	1
0	0	1
0	0	1
0	0	1
0	0	1
0	0	1
0	0	1
0	0	1
0	0	1
0	0	1
0	0	1
0	0	1
0	0	1
0	0	1
0	0	1
0	0	1
0	0	1
0	0	1
0	0	1
0	0	1
0	0	1
0	0	1
0	0	1
0	0	1
0	0	1
0	0	1
0	0	1
0	0	1
0	0	1
0	0	1
0	0	1
0	0	1
0	0	1
0	0	1
0	0	1
0	0	1
0	0	1
0	0	1
0	0	1
0	0	1
0	0	1
0	0	1
0	0	1
0	0	1
0	0	1
0	0	1
0	0	1
0	0	1
0	0	1
0	0	1
0	0	1
0	0	1
0	0	1
0	0	1
0	0	1
0	0	1
0	0	1
0	0	1
0	0	1
0	0	1
0	0	1
0	0	1
0	0	1
0	0	1
0	0	1
0	0	1
0	0	1
0	0	1
0	0	1
0	0	1
0	0	1
0	0	1
0	0	1
0	0	1
0	0	1
0	0	1
0	0	1
0	0	1
0	0	1
0	0	1
0	0	1
0	0	1
0	0	1
0	0	1
0	0	1
0	0	1
0	0	1
0	0	1
0	0	1
0	0	1
0	0	1
0	0	1
0	0	1
0	0	1
0	0	1
0	0	1
0	0	1
0	0	1
0	0	1
0	0	1
0	0	1
0	0	1
0	0	1
0	0	1
0	0	1
0	0	1
0	0	1
0	0	1
0	0	1
0	0	1
0	0	1
0	0	1
0	0	1
0	0	1
0	0	1
0	0	1
0	0	1
0	0	1
0	0	1
0	0	1
0	0	1
0	0	1
0	0	1
0	0	1
0	0	1
0	0	1
0	0	1
0	0	1
0	0	1
0	0	1
0	0	1
0	0	1
0	0	1
0	0	1
0	0	1
0	0	1
0	0	1
0	0	1
0	0	1
0	0	1
0	0	1
0	0	1
0	0	1
0	0	1
0	0	1
0	0	1
0	0	1
0	0	1
0	0	1
0	0	1
0	0	1
0	0	1
0	0	1
0	0	1
0	0	1
0	0	1
0	0	1
0	0	1
0	0	1
0	0	1
0	0	1
0	0	1
0	0	1
0	0	1
0	0	1
0	0	1
0	0	1
0	0	1
0	0	1
0	0	1
0	0	1
0	0	1
0	0	1
0	0	1
0	0	1
0	0	1
0	0	1
0	0	1
0	0	1
0	0	1
0	0	1
0	0	1
0	0	1
0	0	1
0	0	1
0	0	1
0	0	1
0	0	1
0	0	1
0	0	1
0	0	1
0	0	1
0	0	1
0	0	1
0	0	1
0	0	1
0	0	1
0	0	1
0	0	1
0	0	1
0	0	1
0	0	1
0	0	1
0	0	1
0	0	1
0	0	1
0	0	1
0	0	1
0	0	1
0	0	1
0	0	1
0	0	1
0	0	1
0	0	1
0	0	1
0	0	1
0	0	1
0	0	1
0	0	1
0	0	1
0	0	1
0	0	1
0	0	1
0	0	1
0	0	1
0	0	1
0	0	1
0	0	1
0	0	1
0	0	1
0	0	1
0	0	1
0	0	1
0	0	1
0	0	1
0	0	1
0	0	1
0	0	1
0	0	1
0	0	1
0	0	1
0	0	1
0	0	1
0	0	1
0	0	1
0	0	1
0	0	1
0	0	1
0	0	1
0	0	1
0	0	1
0	0	1
0	0	1
0	0	1
0	0	1
0	0	1
0	0	1
0	0	1
0	0	1
0	0	1
0	0	1
0	0	1
0	0	1
0	0	1
0	0	1
0	0	1
0	0	1
0	0	1
0	0	1
0	0	1
0	0	1
0	0	1
0	0	1
0	0	1
0	0	1
0	0	1
0	0	1
0	0	1
0	0	1
0	0	1
0	0	1
0	0	1
0	0	1
0	0	1
0	0	1
0	0	1
0	0	1
0	0	1
0	0	1
0	0	1
0	0	1
0	0	1
0	0	1
0	0	1
0	0	1
0	0	1
0	0	1
0	0	1
0	0	1
0	0	1
0	0	1
0	0	1
0	0	1
0	0	1
0	0	1
0	0	1
0	0	1
0	0	1
0	0	1
0	0	1
0	0	1
0	0	1
0	0	1
0	0	1
0	0	1
0	0	1
0	0	1
0	0	1
0	0	1
0	0	1
0	0	1
0	0	1
0	0	1
0	0	1
0	0	1
0	0	1
0	0	1
0	0	1
0	0	1
0	0	1
0	0	1
0	0	1
0	0	1
0	0	1
0	0	1
0	0	1
0	0	1
0	0	1
0	0	1
0	0	1
0	0	1
0	0	1
0	0	1
0	0	1
0	0	1
0	0	1
0	0	1
0	0	1
0	0	1
0	0	1
0	0	1
0	0	1
0	0	1
0	0	1
0	0	1
0	0	1
0	0	1
0	0	1
0	0	1
0	0	1
0	0	1
0	0	1
0	0	1
0	0	1
0	0	1
0	0	1
0	0	1
0	0	1
0	0	1
0	0	1
0	0	1
0	0	1
0	0	1
0	0	1
0	0	1
0	0	1
0	0	1
0	0	1
0	0	1
0	0	1
0	0	1
0	0	1
0	0	1
0	0	1
0	0	1
0	0	1
0	0	1
0	0	1
0	0	1
0	0	1
0	0	1
0	0	1
0	0	1
0	0	1
0	0	1
0	0	1
0	0	1
0	0	1
0	0	1
0	0	1
0	0	1
0	0	1
0	0	1
0	0	1
0	0	1
0	0	1
0	0	1
0	0	1
0	0	1
0	0	1
0	0	1
0	0	1
0	0	1
0	0	1
0	0	1
0	0	1
0	0	1
0	0	1
0	0	1
0	0	1
0	0	1
0	0	1
0	0	1
0	0	1
0	0	1
0	0	1
0	0	1
0	0	1
0	0	1
0	0	1
0	0	1
0	0	1
0	0	1
0	0	1
0	0	1
0	0	1
0	0	1
0	0	1
0	0	1
0	0	1
0	0	1
0	0	1
0	0	1
0	0	1
0	0	1
0	0	1
0	0	1
0	0	1
0	0	1
0	0	1
0	0	1
0	0	1
0	0	1
0	0	1
0	0	1
0	0	1
0	0	1
0	0	1
0	0	1
0	0	1
0	0	1
0	0	1
0	0	1
0	0	1
0	0	1
0	0	1
0	0	1
0	0	1
0	0	1
0	0	1
0	0	1
0	0	1
0	0	1
0	0	1
0	0	1
0	0	1
0	0	1
0	0	1
0	0	1
0	0	1
0	0	1
0	0	1
0	0	1
0	0	1
0	0	1
0	0	1
0	0	1
0	0	1
0	0	1
0	0	1
0	0	1
0	0	1
0	0	1
0	0	1
0	0	1
0	0	1
0	0	1
0	0	1
0	0	1
0	0	1
0	0	1
0	0	1
0	0	1
0	0	1
0	0	1
0	0	1
0	0	1
0	0	1
0	0	1
0	0	1
0	0	1
0	0	1
0	0	1
0	0	1
0	0	1
0	0	1
0	0	1
0	0	1
0	0	1
0	0	1
0	0	1
0	0	1
0	0	1
0	0	1
0	0	1
0	0	1
0	0	1
0	0	1
0	0	1
0	0	1
0	0	1
0	0	1
0	0	1
0	0	1
0	0	1
0	0	1
0	0	1
0	0	1
0	0	1
0	0	1
0	0	1
0	0	1
0	0	1
0	0	1
0	0	1
0	0	1
0	0	1
0	0	1
0	0	1
0	0	1
0	0	1
0	0	1
0	0	1
0	0	1
0	0	1
0	0	1
0	0	1
0	0	1
0	0	1
0	0	1
0	0	1
0	0	1
0	0	1
0	0	1
0	0	1
0	0	1
0	0	1
0	0	1
0	0	1
0	0	1
0	0	1
0	0	1
0	0	1
0	0	1
0	0	1
0	0	1
0	0	1
0	0	1
0	0	1
0	0	1
0	0	1
0	0	1
0	0	1
0	0	1
0	0	1
0	0	1
0	0	1
0	0	1
0	0	1
0	0	1
0	0	1
0	0	1
0	0	1
0	0	1
0	0	1
0	0	1
0	0	1
0	0	1
0	0	1
0	0	1
0	0	1
0	0	1
0	0	1
0	0	1
0	0	1
0	0	1
0	0	1
0	0	1
0	0	1
0	0	1
0	0	1
0	0	1
0	0	1
0	0	1
0	0	1
0	0	1
0	0	1
0	0	1
0	0	1
0	0	1
0	0	1
0	0	1
0	0	1
0	0	1
0	0	1
0	0	1
0	0	1
0	0	1
0	0	1
0	0	1
0	0	1
0	0	1
0	0	1
0	0	1
0	0	1
0	0	1
0	0	1
0	0	1
0	0	1
0	0	1
0	0	1
0	0	1
0	0	1
0	0	1
0	0	1
0	0	1
0	0	1
0	0	1
0	0	1
0	0	1
0	0	1
0	0	1
0	0	1
0	0	1
0	0	1
0	0	1
0	0	1
0	0	1
0	0	1
0	0	1
0	0	1
0	0	1
0	0	1
0	0	1
0	0	1
0	0	1
0	0	1
0	0	1
0	0	1
0	0	1
0	0	1
0	0	1
0	0	1
0	0	1
0	0	1
0	0	1
0	0	1
0	0	1
0	0	1
0	0	1
0	0	1
0	0	1
0	0	1
0	0	1
0	0	1
0	0	1
0	0	1
0	0	1
0	0	1
0	0	1
0	0	1
0	0	1
0	0	1
0	0	1
0	0	1
0	0	1
0	0	1
0	0	1
0	0	1
0	0	1
0	0	1
0	0	1
0	0	1
0	0	1
0	0	1
0	0	1
0	0	1
0	0	1
0	0	1
0	0	1
0	0	1
0	0	1
0	0	1
0	0	1
0	0	1
0	0	1
0	0	1
0	0	1
0	0	1
0	0	1
0	0	1
0	0	1
0	0	1
0	0	1
0	0	1
0	0	1
0	0	1
0	0	1
0	0	1
0	0	1
0	0	1
0	0	1
0	0	1
0	0	1
0	0	1
0	0	1
0	0	1
0	0	1
0	0	1
0	0	1
0	0	1
0	0	1
0	0	1
0	0	1
0	0	1
0	0	1
0	0	1
0	0	1
0	0	1
0	0	1
0	0	1
0	0	1
0	0	1
0	0	1
0	0	1
0	0	1
0	0	1
0	0	1
0	0	1
0	0	1
0	0	1
0	0	1
0	0	1
0	0	1
0	0	1
0	0	1
0	0	1
0	0	1
0	0	1
0	0	1
0	0	1
0	0	1
0	0	1
0	0	1
0	0	1
0	0	1
0	0	1
0	0	1
0	0	1
0	0	1
0	0	1
0	0	1
0	0	1
0	0	1
0	0	1
0	0	1
0	0	1
0	0	1
0	0	1
0	0	1
0	0	1
0	0	1
0	0	1
0	0	1
0	0	1
0	0	1
0	0	1
0	0	1
0	0	1
0	0	1
0	0	1
0	0	1
0	0	1
0	0	1
0	0	1
0	0	1
0	0	1
0	0	1
0	0	1
0	0	1
0	0	1
0	0	1
0	0	1
0	0	1
0	0	1
0	0	1
0	0	1
0	0	1
0	0	1
0	0	1
0	0	1
0	0	1
0	0	1
0	0	1
0	0	1
0	0	1
0	0	1
0	0	1
0	0	1
0	0	1
0	0	1
0	0	1
0	0	1
0	0	1
0	0	1
0	0	1
0	0	1
0	0	1
0	0	1
0	0	1
0	0	1
0	0	1
0	0	1
0	0	1
0	0	1
0	0	1
0	0	1
0	0	1
0	0	1
0	0	1
0	0	1
0	0	1
0	0	1
0	0	1
0	0	1
0	0	1
0	0	1
0	0	1
0	0	1
0	0	1
0	0	1
0	0	1
0	0	1
0	0	1
0	0	1
0	0	1
0	0	1
0	0	1
0	0	1
0	0	1
0	0	1
0	0	1
0	0	1
0	0	1
0	0	1
0	0	1
0	0	1
0	0	1
0	0	1
0	0	1
0	0	1
0	0	1
0	0	1
0	0	1
0	0	1
0	0	1
0	0	1
0	0	1
0	0	1
0	0	1
0	0	1
0	0	1
0	0	1
0	0	1
0	0	1
0	0	1
0	0	1
0	0	1
0	0	1
0	0	1
0	0	1
0	0	1
0	0	1
0	0	1
0	0	1
0	0	1
0	0	1
0	0	1
0	0	1
0	0	1
0	0	1
0	0	1
0	0	1
0	0	1
0	0	1
0	0	1
0	0	1
0	0	1
0	0	1
0	0	1
0	0	1
0	0	1
0	0	1
0	0	1
0	0	1
0	0	1
0	0	1
0	0	1
0	0	1
0	0	1
0	0	1
0	0	1
0	0	1
0	0	1
0	0	1
0	0	1
0	0	1
0	0	1
0	0	1
0	0	1
0	0	1
0	0	1
0	0	1
0	0	1
0	0	1
0	0	1
0	0	1
0	0	1
0	0	1
0	0	1
0	0	1
0	0	1
0	0	1
0	0	1
0	0	1
0	0	1
0	0	1
0	0	1
0	0	1
0	0	1
0	0	1
0	0	1
0	0	1
0	0	1
0	0	1
0	0	1
0	0	1
0	0	1
0	0	1
0	0	1
0	0	1
0	0	1
0	0	1
0	0	1
0	0	1
0	0	1
0	0	1
0	0	1
0	0	1
0	0	1
0	0	1
0	0	1
0	0	1
0	0	1
0	0	1
0	0	1
0	0	1
0	0	1
0	0	1
0	0	1
0	0	1
0	0	1
0	0	1
0	0	1
0	0	1
0	0	1
0	0	1
0	0	1
0	0	1
0	0	1
0	0	1
0	0	1
0	0	1
0	0	1
0	0	1
0	0	1
0	0	1
0	0	1
0	0	1
0	0	1
0	0	1
0	0	1
0	0	1
0	0	1
0	0	1
0	0	1
0	0	1
0	0	1
0	0	1
0	0	1
0	0	1
0	0	1
0	0	1
0	0	1
0	0	1
0	0	1
0	0	1
0	0	1
0	0	1
0	0	1
0	0	1
0	0	1
0	0	1
0	0	1
0	0	1
0	0	1
0	0	1
0	0	1
0	0	1
0	0	1
0	0	1
0	0	1
0	0	1
0	0	1
0	0	1
0	0	1
0	0	1
0	0	1
0	0	1
0	0	1
0	0	1
0	0	1
0	0	1
0	0	1
0	0	1
0	0	1
0	0	1
0	0	1
0	0	1
0	0	1
0	0	1
0	0	1
0	0	1
0	0	1
0	0	1
0	0	1
0	0	1
0	0	1
0	0	1
0	0	1
0	0	1
0	0	1
0	0	1
0	0	1
0	0	1
0	0	1
0	0	1
0	0	1
0	0	1
0	0	1
0	0	1
0	0	1
0	0	1
0	0	1
0	0	1
0	0	1
0	0	1
0	0	1
0	0	1
0	0	1
0	0	1
0	0	1
0	0	1
0	0	1
0	0	1
0	0	1
0	0	1
0	0	1
0	0	1
0	0	1
0	0	1
0	0	1
0	0	1
0	0	1
0	0	1
0	0	1
0	0	1
0	0	1
0	0	1
0	0	1
0	0	1
0	0	1
0	0	1
0	0	1
0	0	1
0	0	1
0	0	1
0	0	1
0	0	1
0	0	1
0	0	1
0	0	1
0	0	1
0	0	1
0	0	1
0	0	1
0	0	1
0	0	1
0	0	1
0	0	1
0	0	1
0	0	1
0	0	1
0	0	1
0	0	1
0	0	1
0	0	1
0	0	1
0	0	1
0	0	1
0	0	1
0	0	1
0	0	1
0	0	1
0	0	1
0	0	1
0	0	1
0	0	1
0	0	1
0	0	1
0	0	1
0	0	1
0	0	1
0	0	1
0	0	1
0	0	1
0	0	1
0	0	1
0	0	1
0	0	1
0	0	1
0	0	1
0	0	1
0	0	1
0	0	1
0	0	1
0	0	1
0	0	1
0	0	1
0	0	1
0	0	1
0	0	1
0	0	1
0	0	1
0	0	1
0	0	1
0	0	1
0	0	1
0	0	1
0	0	1
0	0	1
0	0	1
0	0	1
0	0	1
0	0	1
0	0	1
0	0	1
0	0	1
0	0	1
0	0	1
0	0	1
0	0	1
0	0	1
0	0	1
0	0	1
0	0	1
0	0	1
0	0	1
0	0	1
0	0	1
0	0	1
0	0	1
0	0	1
0	0	1
0	0	1
0	0	1
0	0	1
0	0	1
0	0	1
0	0	1
0	0	1
0	0	1
0	0	1
0	0	1
0	0	1
0	0	1
0	0	1
0	0	1
0	0	1
0	0	1
0	0	1
0	0	1
0	0	1
0	0	1
0	0	1
0	0	1
0	0	1
0	0	1
0	0	1
0	0	1
0	0	1
0	0	1
0	0	1
0	0	1
0	0	1
0	0	1
0	0	1
0	0	1
0	0	1
0	0	1
0	0	1
0	0	1
0	0	1
0	0	1
0	0	1
0	0	1
0	0	1
0	0	1
0	0	1
0	0	1
0	0	1
0	0	1
0	0	1
0	0	1
0	0	1
0	0	1
0	0	1
0	0	1
0	0	1
0	0	1
0	0	1
0	0	1
0	0	1
0	0	1
0	0	1
0	0	1
0	0	1
0	0	1
0	0	1
0	0	1
0	0	1
0	0	1
0	0	1
0	0	1
0	0	1
0	0	1
0	0	1
0	0	1
0	0	1
0	0	1
0	0	1
0	0	1
0	0	1
0	0	1
0	0	1
0	0	1
0	0	1
0	0	1
0	0	1
0	0	1
0	0	1
0	0	1
0	0	1
0	0	1
0	0	1
0	0	1
0	0	1
0	0	1
0	0	1
0	0	1
0	0	1
0	0	1
0	0	1
0	0	1
0	0	1
0	0	1
0	0	1
0	0	1
0	0	1
0	0	1
0	0	1
0	0	1
0	0	1
0	0	1
0	0	1
0	0	1
0	0	1
0	0	1
0	0	1
0	0	1
0	0	1
0	0	1
0	0	1
0	0	1
0	0	1
0	0	1
0	0	1
0	0	1
0	0	1
0	0	1
0	0	1
0	0	1
0	0	1
0	0	1
0	0	1
0	0	1
0	0	1
0	0	1
0	0	1
0	0	1
0	0	1
0	0	1
0	0	1
0	0	1
0	0	1
0	0	1
0	0	1
0	0	1
0	0	1
0	0	1
0	0	1
0	0	1
0	0	1
0	0	1
0	0	1
0	0	1
0	0	1
0	0	1
0	0	1
0	0	1
0	0	1
0	0	1
0	0	1
0	0	1
0	0	1
0	0	1
0	0	1
0	0	1
0	0	1
0	0	1
0	0	1
0	0	1
0	0	1
0	0	1
0	0	1
0	0	1
0	0	1
0	0	1
0	0	1
0	0	1
0	0	1
0	0	1
0	0	1
0	0	1
0	0	1
0	0	1
0	0	1
0	0	1
0	0	1
0	0	1
0	0	1
0	0	1
0	0	1
0	0	1
0	0	1
0	0	1
0	0	1
0	0	1
0	0	1
0	0	1
0	0	1
0	0	1
0	0	1
0	0	1
0	0	1
0	0	1
0	0	1
0	0	1
0	0	1
0	0	1
0	0	1
0	0	1
0	0	1
0	0	1
0	0	1
0	0	1
0	0	1
0	0	1
0	0	1
0	0	1
0	0	1
0	0	1
0	0	1
0	0	1
0	0	1
0	0	1
0	0	1
0	0	1
0	0	1
0	0	1
0	0	1
0	0	1
0	0	1
0	0	1
0	0	1
0	0	1
0	0	1
0	0	1
0	0	1
0	0	1
0	0	1
0	0	1
0	0	1
0	0	1
0	0	1
0	0	1
0	0	1
0	0	1
0	0	1
0	0	1
0	0	1
0	0	1
0	0	1
0	0	1
0	0	1
0	0	1
0	0	1
0	0	1
0	0	1
0	0	1
0	0	1
0	0	1
0	0	1
0	0	1
0	0	1
0	0	1
0	0	1
0	0	1
0	0	1
0	0	1
0	0	1
0	0	1
0	0	1
0	0	1
0	0	1
0	0	1
0	0	1
0	0	1
0	0	1
0	0	1
0	0	1
0	0	1
0	0	1
0	0	1
0	0	1
0	0	1
0	0	1
0	0	1
0	0	1
0	0	1
0	0	1
0	0	1
0	0	1
0	0	1
0	0	1
0	0	1
0	0	1
0	0	1
0	0	1
0	0	1
0	0	1
0	0	1
0	0	1
0	0	1
0	0	1
0	0	1
0	0	1
0	0	1
0	0	1
0	0	1
0	0	1
0	0	1
0	0	1
0	0	1
0	0	1
0	0	1
0	0	1
0	0	1
0	0	1
0	0	1
0	0	1
0	0	1
0	0	1
0	0	1
0	0	1
0	0	1
0	0	1
0	0	1
0	0	1
0	0	1
0	0	1
0	0	1
0	0	1
0	0	1
0	0	1
0	0	1
0	0	1
0	0	1
0	0	1
0	0	1
0	0	1
0	0	1
0	0	1
0	0	1
0	0	1
0	0	1
0	0	1
0	0	1
0	0	1
0	0	1
0	0	1
0	0	1
0	0	1
0	0	1
0	0	1
0	0	1
0	0	1
0	0	1
0	0	1
0	0	1
0	0	1
0	0	1
0	0	1
0	0	1
0	0	1
0	0	1
0	0	1
0	0	1
0	0	1
0	0	1
0	0	1
0	0	1
0	0	1
0	0	1
0	0	1
0	0	1
0	0	1
0	0	1
0	0	1
0	0	1
0	0	1
0	0	1
0	0	1
0	0	1
0	0	1
0	0	1
0	0	1
0	0	1
0	0	1
0	0	1
0	0	1
0	0	1
0	0	1
0	0	1
0	0	1
0	0	1
0	0	1
0	0	1
0	0	1
0	0	1
0	0	1
0	0	1
0	0	1
0	0	1
0	0	1
0	0	1
0	0	1
0	0	1
0	0	1
0	0	1
0	0	1
0	0	1
0	0	1
0	0	1
0	0	1
0	0	1
0	0	1
0	0	1
0	0	1
0	0	1
0	0	1
0	0	1
0	0	1
0	0	1
0	0	1
0	0	1
0	0	1
0	0	1
0	0	1
0	0	1
0	0	1
0	0	1
0	0	1
0	0	1
0	0	1
0	0	1
0	0	1
0	0	1
0	0	1
0	0	1
0	0	1
0	0	1
0	0	1
0	0	1
0	0	1
0	0	1
0	0	1
0	0	1
0	0	1
0	0	1
0	0	1
0	0	1
0	0	1
0	0	1
0	0	1
0	0	1
0	0	1
0	0	1
0	0	1
0	0	1
0	0	1
0	0	1
0	0	1
0	0	1
0	0	1
0	0	1
0	0	1
0	0	1
0	0	1
0	0	1
0	0	1
0	0	1
0	0	1
0	0	1
0	0	1
0	0	1
0	0	1
0	0	1
0	0	1
0	0	1
0	0	1
