#chr	start	end	phenotype_id	Zscore	genotype_label	gene_name	cell_type	lead_snp	pval_beta	slope	variant_pos	label_p	label_b	plot_title	x_label1	x_label2	random_sample_id
chr2	60881491	60881492	ENSG00000162924	2.22827018708751	A/A	REL	CD4	rs13017599	1.21655e-05	0.605838	chr2:60937196:G:A	p=1.22e-05	β=0.606	REL in CD4 cells	rs13017599	chr2: 60,937,196	1
chr2	60881491	60881492	ENSG00000162924	1.44059398872616	G/A	REL	CD4	rs13017599	1.21655e-05	0.605838	chr2:60937196:G:A	p=1.22e-05	β=0.606	REL in CD4 cells	rs13017599	chr2: 60,937,196	2
chr2	60881491	60881492	ENSG00000162924	1.0931104488743	G/G	REL	CD4	rs13017599	1.21655e-05	0.605838	chr2:60937196:G:A	p=1.22e-05	β=0.606	REL in CD4 cells	rs13017599	chr2: 60,937,196	3
chr2	60881491	60881492	ENSG00000162924	2.61107103137211	A/A	REL	CD4	rs13017599	1.21655e-05	0.605838	chr2:60937196:G:A	p=1.22e-05	β=0.606	REL in CD4 cells	rs13017599	chr2: 60,937,196	4
chr2	60881491	60881492	ENSG00000162924	1.20403200576349	G/G	REL	CD4	rs13017599	1.21655e-05	0.605838	chr2:60937196:G:A	p=1.22e-05	β=0.606	REL in CD4 cells	rs13017599	chr2: 60,937,196	5
chr2	60881491	60881492	ENSG00000162924	1.29793089305658	G/A	REL	CD4	rs13017599	1.21655e-05	0.605838	chr2:60937196:G:A	p=1.22e-05	β=0.606	REL in CD4 cells	rs13017599	chr2: 60,937,196	6
chr2	60881491	60881492	ENSG00000162924	1.59206832639334	G/G	REL	CD4	rs13017599	1.21655e-05	0.605838	chr2:60937196:G:A	p=1.22e-05	β=0.606	REL in CD4 cells	rs13017599	chr2: 60,937,196	7
chr2	60881491	60881492	ENSG00000162924	0.243237279367426	G/A	REL	CD4	rs13017599	1.21655e-05	0.605838	chr2:60937196:G:A	p=1.22e-05	β=0.606	REL in CD4 cells	rs13017599	chr2: 60,937,196	8
chr2	60881491	60881492	ENSG00000162924	1.88896320417338	G/G	REL	CD4	rs13017599	1.21655e-05	0.605838	chr2:60937196:G:A	p=1.22e-05	β=0.606	REL in CD4 cells	rs13017599	chr2: 60,937,196	9
chr2	60881491	60881492	ENSG00000162924	1.67793986400529	G/A	REL	CD4	rs13017599	1.21655e-05	0.605838	chr2:60937196:G:A	p=1.22e-05	β=0.606	REL in CD4 cells	rs13017599	chr2: 60,937,196	10
chr2	60881491	60881492	ENSG00000162924	1.77506266966285	A/A	REL	CD4	rs13017599	1.21655e-05	0.605838	chr2:60937196:G:A	p=1.22e-05	β=0.606	REL in CD4 cells	rs13017599	chr2: 60,937,196	11
chr2	60881491	60881492	ENSG00000162924	-0.178964351271389	G/A	REL	CD4	rs13017599	1.21655e-05	0.605838	chr2:60937196:G:A	p=1.22e-05	β=0.606	REL in CD4 cells	rs13017599	chr2: 60,937,196	12
chr2	60881491	60881492	ENSG00000162924	-0.606828501360571	G/G	REL	CD4	rs13017599	1.21655e-05	0.605838	chr2:60937196:G:A	p=1.22e-05	β=0.606	REL in CD4 cells	rs13017599	chr2: 60,937,196	13
chr2	60881491	60881492	ENSG00000162924	-1.05156573403616	G/G	REL	CD4	rs13017599	1.21655e-05	0.605838	chr2:60937196:G:A	p=1.22e-05	β=0.606	REL in CD4 cells	rs13017599	chr2: 60,937,196	14
chr2	60881491	60881492	ENSG00000162924	-0.932690193733657	G/G	REL	CD4	rs13017599	1.21655e-05	0.605838	chr2:60937196:G:A	p=1.22e-05	β=0.606	REL in CD4 cells	rs13017599	chr2: 60,937,196	15
chr2	60881491	60881492	ENSG00000162924	-0.129779780021413	G/A	REL	CD4	rs13017599	1.21655e-05	0.605838	chr2:60937196:G:A	p=1.22e-05	β=0.606	REL in CD4 cells	rs13017599	chr2: 60,937,196	16
chr2	60881491	60881492	ENSG00000162924	-0.283905771650686	G/A	REL	CD4	rs13017599	1.21655e-05	0.605838	chr2:60937196:G:A	p=1.22e-05	β=0.606	REL in CD4 cells	rs13017599	chr2: 60,937,196	17
chr2	60881491	60881492	ENSG00000162924	-0.577565384663071	G/A	REL	CD4	rs13017599	1.21655e-05	0.605838	chr2:60937196:G:A	p=1.22e-05	β=0.606	REL in CD4 cells	rs13017599	chr2: 60,937,196	18
chr2	60881491	60881492	ENSG00000162924	-0.031099861090346	G/G	REL	CD4	rs13017599	1.21655e-05	0.605838	chr2:60937196:G:A	p=1.22e-05	β=0.606	REL in CD4 cells	rs13017599	chr2: 60,937,196	19
chr2	60881491	60881492	ENSG00000162924	-1.00995818634741	G/A	REL	CD4	rs13017599	1.21655e-05	0.605838	chr2:60937196:G:A	p=1.22e-05	β=0.606	REL in CD4 cells	rs13017599	chr2: 60,937,196	20
chr2	60881491	60881492	ENSG00000162924	-2.51516023635632	G/G	REL	CD4	rs13017599	1.21655e-05	0.605838	chr2:60937196:G:A	p=1.22e-05	β=0.606	REL in CD4 cells	rs13017599	chr2: 60,937,196	21
chr2	60881491	60881492	ENSG00000162924	-1.48114533191375	G/A	REL	CD4	rs13017599	1.21655e-05	0.605838	chr2:60937196:G:A	p=1.22e-05	β=0.606	REL in CD4 cells	rs13017599	chr2: 60,937,196	22
chr2	60881491	60881492	ENSG00000162924	0.294017067034868	G/G	REL	CD4	rs13017599	1.21655e-05	0.605838	chr2:60937196:G:A	p=1.22e-05	β=0.606	REL in CD4 cells	rs13017599	chr2: 60,937,196	23
chr2	60881491	60881492	ENSG00000162924	-1.18617794748367	G/A	REL	CD4	rs13017599	1.21655e-05	0.605838	chr2:60937196:G:A	p=1.22e-05	β=0.606	REL in CD4 cells	rs13017599	chr2: 60,937,196	24
chr2	60881491	60881492	ENSG00000162924	-0.895925694425747	A/A	REL	CD4	rs13017599	1.21655e-05	0.605838	chr2:60937196:G:A	p=1.22e-05	β=0.606	REL in CD4 cells	rs13017599	chr2: 60,937,196	25
chr2	60881491	60881492	ENSG00000162924	-1.56073446549908	G/A	REL	CD4	rs13017599	1.21655e-05	0.605838	chr2:60937196:G:A	p=1.22e-05	β=0.606	REL in CD4 cells	rs13017599	chr2: 60,937,196	26
chr2	60881491	60881492	ENSG00000162924	-0.154553830568245	G/G	REL	CD4	rs13017599	1.21655e-05	0.605838	chr2:60937196:G:A	p=1.22e-05	β=0.606	REL in CD4 cells	rs13017599	chr2: 60,937,196	27
chr2	60881491	60881492	ENSG00000162924	0.427314933973879	G/A	REL	CD4	rs13017599	1.21655e-05	0.605838	chr2:60937196:G:A	p=1.22e-05	β=0.606	REL in CD4 cells	rs13017599	chr2: 60,937,196	28
chr2	60881491	60881492	ENSG00000162924	0.018783300908469	G/A	REL	CD4	rs13017599	1.21655e-05	0.605838	chr2:60937196:G:A	p=1.22e-05	β=0.606	REL in CD4 cells	rs13017599	chr2: 60,937,196	29
chr2	60881491	60881492	ENSG00000162924	-0.334844195939845	G/G	REL	CD4	rs13017599	1.21655e-05	0.605838	chr2:60937196:G:A	p=1.22e-05	β=0.606	REL in CD4 cells	rs13017599	chr2: 60,937,196	30
chr2	60881491	60881492	ENSG00000162924	-1.28997360546213	G/G	REL	CD4	rs13017599	1.21655e-05	0.605838	chr2:60937196:G:A	p=1.22e-05	β=0.606	REL in CD4 cells	rs13017599	chr2: 60,937,196	31
chr2	60881491	60881492	ENSG00000162924	-1.6516639203103	G/G	REL	CD4	rs13017599	1.21655e-05	0.605838	chr2:60937196:G:A	p=1.22e-05	β=0.606	REL in CD4 cells	rs13017599	chr2: 60,937,196	32
chr2	60881491	60881492	ENSG00000162924	-0.792484975286665	G/G	REL	CD4	rs13017599	1.21655e-05	0.605838	chr2:60937196:G:A	p=1.22e-05	β=0.606	REL in CD4 cells	rs13017599	chr2: 60,937,196	33
chr2	60881491	60881492	ENSG00000162924	0.268398067335362	A/A	REL	CD4	rs13017599	1.21655e-05	0.605838	chr2:60937196:G:A	p=1.22e-05	β=0.606	REL in CD4 cells	rs13017599	chr2: 60,937,196	34
chr2	60881491	60881492	ENSG00000162924	-1.90758138147516	G/G	REL	CD4	rs13017599	1.21655e-05	0.605838	chr2:60937196:G:A	p=1.22e-05	β=0.606	REL in CD4 cells	rs13017599	chr2: 60,937,196	35
chr2	60881491	60881492	ENSG00000162924	0.043568756338838	G/A	REL	CD4	rs13017599	1.21655e-05	0.605838	chr2:60937196:G:A	p=1.22e-05	β=0.606	REL in CD4 cells	rs13017599	chr2: 60,937,196	36
chr2	60881491	60881492	ENSG00000162924	-0.970816447089745	G/A	REL	CD4	rs13017599	1.21655e-05	0.605838	chr2:60937196:G:A	p=1.22e-05	β=0.606	REL in CD4 cells	rs13017599	chr2: 60,937,196	37
chr2	60881491	60881492	ENSG00000162924	-1.41146441353425	G/G	REL	CD4	rs13017599	1.21655e-05	0.605838	chr2:60937196:G:A	p=1.22e-05	β=0.606	REL in CD4 cells	rs13017599	chr2: 60,937,196	38
chr2	60881491	60881492	ENSG00000162924	-1.34792349905441	G/G	REL	CD4	rs13017599	1.21655e-05	0.605838	chr2:60937196:G:A	p=1.22e-05	β=0.606	REL in CD4 cells	rs13017599	chr2: 60,937,196	39
chr2	60881491	60881492	ENSG00000162924	-0.228632060233835	G/G	REL	CD4	rs13017599	1.21655e-05	0.605838	chr2:60937196:G:A	p=1.22e-05	β=0.606	REL in CD4 cells	rs13017599	chr2: 60,937,196	40
chr2	60881491	60881492	ENSG00000162924	-1.76337212352736	G/G	REL	CD4	rs13017599	1.21655e-05	0.605838	chr2:60937196:G:A	p=1.22e-05	β=0.606	REL in CD4 cells	rs13017599	chr2: 60,937,196	41
chr2	60881491	60881492	ENSG00000162924	-0.493440081975639	G/G	REL	CD4	rs13017599	1.21655e-05	0.605838	chr2:60937196:G:A	p=1.22e-05	β=0.606	REL in CD4 cells	rs13017599	chr2: 60,937,196	42
chr2	60881491	60881492	ENSG00000162924	0.345990281117906	G/A	REL	CD4	rs13017599	1.21655e-05	0.605838	chr2:60937196:G:A	p=1.22e-05	β=0.606	REL in CD4 cells	rs13017599	chr2: 60,937,196	43
chr2	60881491	60881492	ENSG00000162924	-0.759689958753733	G/A	REL	CD4	rs13017599	1.21655e-05	0.605838	chr2:60937196:G:A	p=1.22e-05	β=0.606	REL in CD4 cells	rs13017599	chr2: 60,937,196	44
chr2	60881491	60881492	ENSG00000162924	1.3708121530911	G/A	REL	CD4	rs13017599	1.21655e-05	0.605838	chr2:60937196:G:A	p=1.22e-05	β=0.606	REL in CD4 cells	rs13017599	chr2: 60,937,196	45
chr2	60881491	60881492	ENSG00000162924	-0.00666551857944586	G/G	REL	CD4	rs13017599	1.21655e-05	0.605838	chr2:60937196:G:A	p=1.22e-05	β=0.606	REL in CD4 cells	rs13017599	chr2: 60,937,196	46
chr2	60881491	60881492	ENSG00000162924	0.0680723306075848	G/A	REL	CD4	rs13017599	1.21655e-05	0.605838	chr2:60937196:G:A	p=1.22e-05	β=0.606	REL in CD4 cells	rs13017599	chr2: 60,937,196	47
chr2	60881491	60881492	ENSG00000162924	-2.11302035099502	G/G	REL	CD4	rs13017599	1.21655e-05	0.605838	chr2:60937196:G:A	p=1.22e-05	β=0.606	REL in CD4 cells	rs13017599	chr2: 60,937,196	48
chr2	60881491	60881492	ENSG00000162924	0.957418910301798	G/G	REL	CD4	rs13017599	1.21655e-05	0.605838	chr2:60937196:G:A	p=1.22e-05	β=0.606	REL in CD4 cells	rs13017599	chr2: 60,937,196	49
chr2	60881491	60881492	ENSG00000162924	0.192620832111569	G/A	REL	CD4	rs13017599	1.21655e-05	0.605838	chr2:60937196:G:A	p=1.22e-05	β=0.606	REL in CD4 cells	rs13017599	chr2: 60,937,196	50
chr2	60881491	60881492	ENSG00000162924	0.511506300616833	G/A	REL	CD4	rs13017599	1.21655e-05	0.605838	chr2:60937196:G:A	p=1.22e-05	β=0.606	REL in CD4 cells	rs13017599	chr2: 60,937,196	51
chr2	60881491	60881492	ENSG00000162924	0.40018407157918	G/A	REL	CD4	rs13017599	1.21655e-05	0.605838	chr2:60937196:G:A	p=1.22e-05	β=0.606	REL in CD4 cells	rs13017599	chr2: 60,937,196	52
chr2	60881491	60881492	ENSG00000162924	0.6323329746976	G/A	REL	CD4	rs13017599	1.21655e-05	0.605838	chr2:60937196:G:A	p=1.22e-05	β=0.606	REL in CD4 cells	rs13017599	chr2: 60,937,196	53
chr2	60881491	60881492	ENSG00000162924	-1.23589509725466	G/G	REL	CD4	rs13017599	1.21655e-05	0.605838	chr2:60937196:G:A	p=1.22e-05	β=0.606	REL in CD4 cells	rs13017599	chr2: 60,937,196	54
chr2	60881491	60881492	ENSG00000162924	0.117751113870477	G/A	REL	CD4	rs13017599	1.21655e-05	0.605838	chr2:60937196:G:A	p=1.22e-05	β=0.606	REL in CD4 cells	rs13017599	chr2: 60,937,196	55
chr2	60881491	60881492	ENSG00000162924	-0.521179922426381	G/G	REL	CD4	rs13017599	1.21655e-05	0.605838	chr2:60937196:G:A	p=1.22e-05	β=0.606	REL in CD4 cells	rs13017599	chr2: 60,937,196	56
chr2	60881491	60881492	ENSG00000162924	0.839905893038999	G/A	REL	CD4	rs13017599	1.21655e-05	0.605838	chr2:60937196:G:A	p=1.22e-05	β=0.606	REL in CD4 cells	rs13017599	chr2: 60,937,196	57
chr2	60881491	60881492	ENSG00000162924	0.802747768663798	G/A	REL	CD4	rs13017599	1.21655e-05	0.605838	chr2:60937196:G:A	p=1.22e-05	β=0.606	REL in CD4 cells	rs13017599	chr2: 60,937,196	58
chr2	60881491	60881492	ENSG00000162924	-0.0558059305376599	G/A	REL	CD4	rs13017599	1.21655e-05	0.605838	chr2:60937196:G:A	p=1.22e-05	β=0.606	REL in CD4 cells	rs13017599	chr2: 60,937,196	59
chr2	60881491	60881492	ENSG00000162924	0.482919533769067	G/G	REL	CD4	rs13017599	1.21655e-05	0.605838	chr2:60937196:G:A	p=1.22e-05	β=0.606	REL in CD4 cells	rs13017599	chr2: 60,937,196	60
chr2	60881491	60881492	ENSG00000162924	-1.0945405903496	G/G	REL	CD4	rs13017599	1.21655e-05	0.605838	chr2:60937196:G:A	p=1.22e-05	β=0.606	REL in CD4 cells	rs13017599	chr2: 60,937,196	61
chr2	60881491	60881492	ENSG00000162924	0.601161752139906	G/A	REL	CD4	rs13017599	1.21655e-05	0.605838	chr2:60937196:G:A	p=1.22e-05	β=0.606	REL in CD4 cells	rs13017599	chr2: 60,937,196	62
chr2	60881491	60881492	ENSG00000162924	0.217840517118775	G/A	REL	CD4	rs13017599	1.21655e-05	0.605838	chr2:60937196:G:A	p=1.22e-05	β=0.606	REL in CD4 cells	rs13017599	chr2: 60,937,196	63
chr2	60881491	60881492	ENSG00000162924	0.0930432836704912	G/G	REL	CD4	rs13017599	1.21655e-05	0.605838	chr2:60937196:G:A	p=1.22e-05	β=0.606	REL in CD4 cells	rs13017599	chr2: 60,937,196	64
chr2	60881491	60881492	ENSG00000162924	0.664189127208822	G/G	REL	CD4	rs13017599	1.21655e-05	0.605838	chr2:60937196:G:A	p=1.22e-05	β=0.606	REL in CD4 cells	rs13017599	chr2: 60,937,196	65
chr2	60881491	60881492	ENSG00000162924	1.51444213460747	A/A	REL	CD4	rs13017599	1.21655e-05	0.605838	chr2:60937196:G:A	p=1.22e-05	β=0.606	REL in CD4 cells	rs13017599	chr2: 60,937,196	66
chr2	60881491	60881492	ENSG00000162924	1.0001483384934	G/G	REL	CD4	rs13017599	1.21655e-05	0.605838	chr2:60937196:G:A	p=1.22e-05	β=0.606	REL in CD4 cells	rs13017599	chr2: 60,937,196	67
chr2	60881491	60881492	ENSG00000162924	0.730639331926883	G/A	REL	CD4	rs13017599	1.21655e-05	0.605838	chr2:60937196:G:A	p=1.22e-05	β=0.606	REL in CD4 cells	rs13017599	chr2: 60,937,196	68
chr2	60881491	60881492	ENSG00000162924	-0.860550032455456	G/G	REL	CD4	rs13017599	1.21655e-05	0.605838	chr2:60937196:G:A	p=1.22e-05	β=0.606	REL in CD4 cells	rs13017599	chr2: 60,937,196	69
chr2	60881491	60881492	ENSG00000162924	0.877890265345131	G/G	REL	CD4	rs13017599	1.21655e-05	0.605838	chr2:60937196:G:A	p=1.22e-05	β=0.606	REL in CD4 cells	rs13017599	chr2: 60,937,196	70
chr2	60881491	60881492	ENSG00000162924	0.319547861495944	G/A	REL	CD4	rs13017599	1.21655e-05	0.605838	chr2:60937196:G:A	p=1.22e-05	β=0.606	REL in CD4 cells	rs13017599	chr2: 60,937,196	71
chr2	60881491	60881492	ENSG00000162924	-0.825561488397975	G/G	REL	CD4	rs13017599	1.21655e-05	0.605838	chr2:60937196:G:A	p=1.22e-05	β=0.606	REL in CD4 cells	rs13017599	chr2: 60,937,196	72
chr2	60881491	60881492	ENSG00000162924	0.916745184942602	G/A	REL	CD4	rs13017599	1.21655e-05	0.605838	chr2:60937196:G:A	p=1.22e-05	β=0.606	REL in CD4 cells	rs13017599	chr2: 60,937,196	73
chr2	60881491	60881492	ENSG00000162924	0.455050538836283	G/A	REL	CD4	rs13017599	1.21655e-05	0.605838	chr2:60937196:G:A	p=1.22e-05	β=0.606	REL in CD4 cells	rs13017599	chr2: 60,937,196	74
chr2	60881491	60881492	ENSG00000162924	0.167243822214596	G/G	REL	CD4	rs13017599	1.21655e-05	0.605838	chr2:60937196:G:A	p=1.22e-05	β=0.606	REL in CD4 cells	rs13017599	chr2: 60,937,196	75
chr2	60881491	60881492	ENSG00000162924	-0.696169573234309	G/A	REL	CD4	rs13017599	1.21655e-05	0.605838	chr2:60937196:G:A	p=1.22e-05	β=0.606	REL in CD4 cells	rs13017599	chr2: 60,937,196	76
chr2	60881491	60881492	ENSG00000162924	-0.203580351606042	G/G	REL	CD4	rs13017599	1.21655e-05	0.605838	chr2:60937196:G:A	p=1.22e-05	β=0.606	REL in CD4 cells	rs13017599	chr2: 60,937,196	77
chr2	60881491	60881492	ENSG00000162924	0.765792857500803	G/A	REL	CD4	rs13017599	1.21655e-05	0.605838	chr2:60937196:G:A	p=1.22e-05	β=0.606	REL in CD4 cells	rs13017599	chr2: 60,937,196	78
chr2	60881491	60881492	ENSG00000162924	-0.0805744901280732	G/G	REL	CD4	rs13017599	1.21655e-05	0.605838	chr2:60937196:G:A	p=1.22e-05	β=0.606	REL in CD4 cells	rs13017599	chr2: 60,937,196	79
chr2	60881491	60881492	ENSG00000162924	0.570397547280699	A/A	REL	CD4	rs13017599	1.21655e-05	0.605838	chr2:60937196:G:A	p=1.22e-05	β=0.606	REL in CD4 cells	rs13017599	chr2: 60,937,196	80
chr2	60881491	60881492	ENSG00000162924	0.142299624877297	G/G	REL	CD4	rs13017599	1.21655e-05	0.605838	chr2:60937196:G:A	p=1.22e-05	β=0.606	REL in CD4 cells	rs13017599	chr2: 60,937,196	81
chr2	60881491	60881492	ENSG00000162924	-0.258366787138654	G/G	REL	CD4	rs13017599	1.21655e-05	0.605838	chr2:60937196:G:A	p=1.22e-05	β=0.606	REL in CD4 cells	rs13017599	chr2: 60,937,196	82
chr2	60881491	60881492	ENSG00000162924	1.04576675497096	G/G	REL	CD4	rs13017599	1.21655e-05	0.605838	chr2:60937196:G:A	p=1.22e-05	β=0.606	REL in CD4 cells	rs13017599	chr2: 60,937,196	83
chr2	60881491	60881492	ENSG00000162924	-0.665766206317978	G/G	REL	CD4	rs13017599	1.21655e-05	0.605838	chr2:60937196:G:A	p=1.22e-05	β=0.606	REL in CD4 cells	rs13017599	chr2: 60,937,196	84
chr2	60881491	60881492	ENSG00000162924	-0.439104856948921	G/A	REL	CD4	rs13017599	1.21655e-05	0.605838	chr2:60937196:G:A	p=1.22e-05	β=0.606	REL in CD4 cells	rs13017599	chr2: 60,937,196	85
chr2	60881491	60881492	ENSG00000162924	-0.465921913027665	G/G	REL	CD4	rs13017599	1.21655e-05	0.605838	chr2:60937196:G:A	p=1.22e-05	β=0.606	REL in CD4 cells	rs13017599	chr2: 60,937,196	86
chr2	60881491	60881492	ENSG00000162924	-0.636205823129194	G/A	REL	CD4	rs13017599	1.21655e-05	0.605838	chr2:60937196:G:A	p=1.22e-05	β=0.606	REL in CD4 cells	rs13017599	chr2: 60,937,196	87
chr2	60881491	60881492	ENSG00000162924	-0.549138112419121	G/G	REL	CD4	rs13017599	1.21655e-05	0.605838	chr2:60937196:G:A	p=1.22e-05	β=0.606	REL in CD4 cells	rs13017599	chr2: 60,937,196	88
chr2	60881491	60881492	ENSG00000162924	-0.386233609579129	G/A	REL	CD4	rs13017599	1.21655e-05	0.605838	chr2:60937196:G:A	p=1.22e-05	β=0.606	REL in CD4 cells	rs13017599	chr2: 60,937,196	89
chr2	60881491	60881492	ENSG00000162924	2.03130862328399	G/G	REL	CD4	rs13017599	1.21655e-05	0.605838	chr2:60937196:G:A	p=1.22e-05	β=0.606	REL in CD4 cells	rs13017599	chr2: 60,937,196	90
chr2	60881491	60881492	ENSG00000162924	1.14472023663427	G/G	REL	CD4	rs13017599	1.21655e-05	0.605838	chr2:60937196:G:A	p=1.22e-05	β=0.606	REL in CD4 cells	rs13017599	chr2: 60,937,196	91
chr2	60881491	60881492	ENSG00000162924	0.540615608358406	G/A	REL	CD4	rs13017599	1.21655e-05	0.605838	chr2:60937196:G:A	p=1.22e-05	β=0.606	REL in CD4 cells	rs13017599	chr2: 60,937,196	92
chr2	60881491	60881492	ENSG00000162924	0.697418638666897	G/A	REL	CD4	rs13017599	1.21655e-05	0.605838	chr2:60937196:G:A	p=1.22e-05	β=0.606	REL in CD4 cells	rs13017599	chr2: 60,937,196	93
chr2	60881491	60881492	ENSG00000162924	-1.13886767015336	G/G	REL	CD4	rs13017599	1.21655e-05	0.605838	chr2:60937196:G:A	p=1.22e-05	β=0.606	REL in CD4 cells	rs13017599	chr2: 60,937,196	94
chr2	60881491	60881492	ENSG00000162924	-0.309477037107488	G/A	REL	CD4	rs13017599	1.21655e-05	0.605838	chr2:60937196:G:A	p=1.22e-05	β=0.606	REL in CD4 cells	rs13017599	chr2: 60,937,196	95
chr2	60881491	60881492	ENSG00000162924	-0.360211757906189	G/A	REL	CD4	rs13017599	1.21655e-05	0.605838	chr2:60937196:G:A	p=1.22e-05	β=0.606	REL in CD4 cells	rs13017599	chr2: 60,937,196	96
chr2	60881491	60881492	ENSG00000162924	-0.727509602878453	G/G	REL	CD4	rs13017599	1.21655e-05	0.605838	chr2:60937196:G:A	p=1.22e-05	β=0.606	REL in CD4 cells	rs13017599	chr2: 60,937,196	97
chr2	60881491	60881492	ENSG00000162924	-0.412479691719654	G/A	REL	CD4	rs13017599	1.21655e-05	0.605838	chr2:60937196:G:A	p=1.22e-05	β=0.606	REL in CD4 cells	rs13017599	chr2: 60,937,196	98
chr2	60881491	60881492	ENSG00000162924	0.373011824265241	G/G	REL	CD4	rs13017599	1.21655e-05	0.605838	chr2:60937196:G:A	p=1.22e-05	β=0.606	REL in CD4 cells	rs13017599	chr2: 60,937,196	99
chr2	60881491	60881492	ENSG00000162924	-0.10512971402349	G/G	REL	CD4	rs13017599	1.21655e-05	0.605838	chr2:60937196:G:A	p=1.22e-05	β=0.606	REL in CD4 cells	rs13017599	chr2: 60,937,196	100
chr7	128937457	128937458	ENSG00000128604	1.24591186121957	A/G	IRF5	ncMono	rs3778753	0.000107103	0.695864	chr7:128939988:A:G	p=0.000107	β=0.696	IRF5 in non-classical monocytes	rs3778753	chr7:128,939,988	1
chr7	128937457	128937458	ENSG00000128604	-0.0473340764752329	A/G	IRF5	ncMono	rs3778753	0.000107103	0.695864	chr7:128939988:A:G	p=0.000107	β=0.696	IRF5 in non-classical monocytes	rs3778753	chr7:128,939,988	2
chr7	128937457	128937458	ENSG00000128604	0.386041681310105	A/G	IRF5	ncMono	rs3778753	0.000107103	0.695864	chr7:128939988:A:G	p=0.000107	β=0.696	IRF5 in non-classical monocytes	rs3778753	chr7:128,939,988	3
chr7	128937457	128937458	ENSG00000128604	-0.838944658804737	A/A	IRF5	ncMono	rs3778753	0.000107103	0.695864	chr7:128939988:A:G	p=0.000107	β=0.696	IRF5 in non-classical monocytes	rs3778753	chr7:128,939,988	4
chr7	128937457	128937458	ENSG00000128604	0.505914923357928	A/G	IRF5	ncMono	rs3778753	0.000107103	0.695864	chr7:128939988:A:G	p=0.000107	β=0.696	IRF5 in non-classical monocytes	rs3778753	chr7:128,939,988	5
chr7	128937457	128937458	ENSG00000128604	-0.180209271838889	A/A	IRF5	ncMono	rs3778753	0.000107103	0.695864	chr7:128939988:A:G	p=0.000107	β=0.696	IRF5 in non-classical monocytes	rs3778753	chr7:128,939,988	6
chr7	128937457	128937458	ENSG00000128604	-0.203930199527991	A/A	IRF5	ncMono	rs3778753	0.000107103	0.695864	chr7:128939988:A:G	p=0.000107	β=0.696	IRF5 in non-classical monocytes	rs3778753	chr7:128,939,988	7
chr7	128937457	128937458	ENSG00000128604	-0.277551776108772	A/G	IRF5	ncMono	rs3778753	0.000107103	0.695864	chr7:128939988:A:G	p=0.000107	β=0.696	IRF5 in non-classical monocytes	rs3778753	chr7:128,939,988	8
chr7	128937457	128937458	ENSG00000128604	0.684618910176304	A/G	IRF5	ncMono	rs3778753	0.000107103	0.695864	chr7:128939988:A:G	p=0.000107	β=0.696	IRF5 in non-classical monocytes	rs3778753	chr7:128,939,988	9
chr7	128937457	128937458	ENSG00000128604	0.814787923438577	A/G	IRF5	ncMono	rs3778753	0.000107103	0.695864	chr7:128939988:A:G	p=0.000107	β=0.696	IRF5 in non-classical monocytes	rs3778753	chr7:128,939,988	10
chr7	128937457	128937458	ENSG00000128604	-0.0260402549968209	A/A	IRF5	ncMono	rs3778753	0.000107103	0.695864	chr7:128939988:A:G	p=0.000107	β=0.696	IRF5 in non-classical monocytes	rs3778753	chr7:128,939,988	11
chr7	128937457	128937458	ENSG00000128604	0.904515699346338	A/G	IRF5	ncMono	rs3778753	0.000107103	0.695864	chr7:128939988:A:G	p=0.000107	β=0.696	IRF5 in non-classical monocytes	rs3778753	chr7:128,939,988	12
chr7	128937457	128937458	ENSG00000128604	1.18873449554957	A/G	IRF5	ncMono	rs3778753	0.000107103	0.695864	chr7:128939988:A:G	p=0.000107	β=0.696	IRF5 in non-classical monocytes	rs3778753	chr7:128,939,988	13
chr7	128937457	128937458	ENSG00000128604	0.787216762429085	A/G	IRF5	ncMono	rs3778753	0.000107103	0.695864	chr7:128939988:A:G	p=0.000107	β=0.696	IRF5 in non-classical monocytes	rs3778753	chr7:128,939,988	14
chr7	128937457	128937458	ENSG00000128604	2.3185506643139	G/G	IRF5	ncMono	rs3778753	0.000107103	0.695864	chr7:128939988:A:G	p=0.000107	β=0.696	IRF5 in non-classical monocytes	rs3778753	chr7:128,939,988	15
chr7	128937457	128937458	ENSG00000128604	0.842851642233726	A/G	IRF5	ncMono	rs3778753	0.000107103	0.695864	chr7:128939988:A:G	p=0.000107	β=0.696	IRF5 in non-classical monocytes	rs3778753	chr7:128,939,988	16
chr7	128937457	128937458	ENSG00000128604	1.82666184903561	G/G	IRF5	ncMono	rs3778753	0.000107103	0.695864	chr7:128939988:A:G	p=0.000107	β=0.696	IRF5 in non-classical monocytes	rs3778753	chr7:128,939,988	17
chr7	128937457	128937458	ENSG00000128604	0.173941537723928	A/A	IRF5	ncMono	rs3778753	0.000107103	0.695864	chr7:128939988:A:G	p=0.000107	β=0.696	IRF5 in non-classical monocytes	rs3778753	chr7:128,939,988	18
chr7	128937457	128937458	ENSG00000128604	0.346322919790388	A/A	IRF5	ncMono	rs3778753	0.000107103	0.695864	chr7:128939988:A:G	p=0.000107	β=0.696	IRF5 in non-classical monocytes	rs3778753	chr7:128,939,988	19
chr7	128937457	128937458	ENSG00000128604	0.734269108277669	A/G	IRF5	ncMono	rs3778753	0.000107103	0.695864	chr7:128939988:A:G	p=0.000107	β=0.696	IRF5 in non-classical monocytes	rs3778753	chr7:128,939,988	20
chr7	128937457	128937458	ENSG00000128604	-0.552042570953691	A/A	IRF5	ncMono	rs3778753	0.000107103	0.695864	chr7:128939988:A:G	p=0.000107	β=0.696	IRF5 in non-classical monocytes	rs3778753	chr7:128,939,988	21
chr7	128937457	128937458	ENSG00000128604	0.485263144881792	G/G	IRF5	ncMono	rs3778753	0.000107103	0.695864	chr7:128939988:A:G	p=0.000107	β=0.696	IRF5 in non-classical monocytes	rs3778753	chr7:128,939,988	22
chr7	128937457	128937458	ENSG00000128604	0.637108615403241	A/G	IRF5	ncMono	rs3778753	0.000107103	0.695864	chr7:128939988:A:G	p=0.000107	β=0.696	IRF5 in non-classical monocytes	rs3778753	chr7:128,939,988	23
chr7	128937457	128937458	ENSG00000128604	0.613964493201633	G/G	IRF5	ncMono	rs3778753	0.000107103	0.695864	chr7:128939988:A:G	p=0.000107	β=0.696	IRF5 in non-classical monocytes	rs3778753	chr7:128,939,988	24
chr7	128937457	128937458	ENSG00000128604	-0.703240607940859	A/A	IRF5	ncMono	rs3778753	0.000107103	0.695864	chr7:128939988:A:G	p=0.000107	β=0.696	IRF5 in non-classical monocytes	rs3778753	chr7:128,939,988	25
chr7	128937457	128937458	ENSG00000128604	0.0761881734504034	A/G	IRF5	ncMono	rs3778753	0.000107103	0.695864	chr7:128939988:A:G	p=0.000107	β=0.696	IRF5 in non-classical monocytes	rs3778753	chr7:128,939,988	26
chr7	128937457	128937458	ENSG00000128604	-0.227877119970064	A/A	IRF5	ncMono	rs3778753	0.000107103	0.695864	chr7:128939988:A:G	p=0.000107	β=0.696	IRF5 in non-classical monocytes	rs3778753	chr7:128,939,988	27
chr7	128937457	128937458	ENSG00000128604	0.425359337395554	G/G	IRF5	ncMono	rs3778753	0.000107103	0.695864	chr7:128939988:A:G	p=0.000107	β=0.696	IRF5 in non-classical monocytes	rs3778753	chr7:128,939,988	28
chr7	128937457	128937458	ENSG00000128604	-0.0901692277362262	A/G	IRF5	ncMono	rs3778753	0.000107103	0.695864	chr7:128939988:A:G	p=0.000107	β=0.696	IRF5 in non-classical monocytes	rs3778753	chr7:128,939,988	29
chr7	128937457	128937458	ENSG00000128604	-1.71688263233504	A/A	IRF5	ncMono	rs3778753	0.000107103	0.695864	chr7:128939988:A:G	p=0.000107	β=0.696	IRF5 in non-classical monocytes	rs3778753	chr7:128,939,988	30
chr7	128937457	128937458	ENSG00000128604	0.154947743516389	A/G	IRF5	ncMono	rs3778753	0.000107103	0.695864	chr7:128939988:A:G	p=0.000107	β=0.696	IRF5 in non-classical monocytes	rs3778753	chr7:128,939,988	31
chr7	128937457	128937458	ENSG00000128604	0.40556334473844	G/G	IRF5	ncMono	rs3778753	0.000107103	0.695864	chr7:128939988:A:G	p=0.000107	β=0.696	IRF5 in non-classical monocytes	rs3778753	chr7:128,939,988	32
chr7	128937457	128937458	ENSG00000128604	0.937783469181456	G/G	IRF5	ncMono	rs3778753	0.000107103	0.695864	chr7:128939988:A:G	p=0.000107	β=0.696	IRF5 in non-classical monocytes	rs3778753	chr7:128,939,988	33
chr7	128937457	128937458	ENSG00000128604	0.36614021710743	G/G	IRF5	ncMono	rs3778753	0.000107103	0.695864	chr7:128939988:A:G	p=0.000107	β=0.696	IRF5 in non-classical monocytes	rs3778753	chr7:128,939,988	34
chr7	128937457	128937458	ENSG00000128604	-0.887839970656017	A/G	IRF5	ncMono	rs3778753	0.000107103	0.695864	chr7:128939988:A:G	p=0.000107	β=0.696	IRF5 in non-classical monocytes	rs3778753	chr7:128,939,988	35
chr7	128937457	128937458	ENSG00000128604	0.0961453538083182	A/G	IRF5	ncMono	rs3778753	0.000107103	0.695864	chr7:128939988:A:G	p=0.000107	β=0.696	IRF5 in non-classical monocytes	rs3778753	chr7:128,939,988	36
chr7	128937457	128937458	ENSG00000128604	1.13876976958007	A/G	IRF5	ncMono	rs3778753	0.000107103	0.695864	chr7:128939988:A:G	p=0.000107	β=0.696	IRF5 in non-classical monocytes	rs3778753	chr7:128,939,988	37
chr7	128937457	128937458	ENSG00000128604	-2.19709962568773	A/G	IRF5	ncMono	rs3778753	0.000107103	0.695864	chr7:128939988:A:G	p=0.000107	β=0.696	IRF5 in non-classical monocytes	rs3778753	chr7:128,939,988	38
chr7	128937457	128937458	ENSG00000128604	-0.06852946781794	A/G	IRF5	ncMono	rs3778753	0.000107103	0.695864	chr7:128939988:A:G	p=0.000107	β=0.696	IRF5 in non-classical monocytes	rs3778753	chr7:128,939,988	39
chr7	128937457	128937458	ENSG00000128604	-0.66389951432602	A/A	IRF5	ncMono	rs3778753	0.000107103	0.695864	chr7:128939988:A:G	p=0.000107	β=0.696	IRF5 in non-classical monocytes	rs3778753	chr7:128,939,988	40
chr7	128937457	128937458	ENSG00000128604	-0.941650296030878	A/A	IRF5	ncMono	rs3778753	0.000107103	0.695864	chr7:128939988:A:G	p=0.000107	β=0.696	IRF5 in non-classical monocytes	rs3778753	chr7:128,939,988	41
chr7	128937457	128937458	ENSG00000128604	0.660666503763972	A/G	IRF5	ncMono	rs3778753	0.000107103	0.695864	chr7:128939988:A:G	p=0.000107	β=0.696	IRF5 in non-classical monocytes	rs3778753	chr7:128,939,988	42
chr7	128937457	128937458	ENSG00000128604	-3.9542578318357	A/A	IRF5	ncMono	rs3778753	0.000107103	0.695864	chr7:128939988:A:G	p=0.000107	β=0.696	IRF5 in non-classical monocytes	rs3778753	chr7:128,939,988	43
chr7	128937457	128937458	ENSG00000128604	0.230859887049445	A/G	IRF5	ncMono	rs3778753	0.000107103	0.695864	chr7:128939988:A:G	p=0.000107	β=0.696	IRF5 in non-classical monocytes	rs3778753	chr7:128,939,988	44
chr7	128937457	128937458	ENSG00000128604	0.591564490826769	A/G	IRF5	ncMono	rs3778753	0.000107103	0.695864	chr7:128939988:A:G	p=0.000107	β=0.696	IRF5 in non-classical monocytes	rs3778753	chr7:128,939,988	45
chr7	128937457	128937458	ENSG00000128604	-0.451455003319973	A/A	IRF5	ncMono	rs3778753	0.000107103	0.695864	chr7:128939988:A:G	p=0.000107	β=0.696	IRF5 in non-classical monocytes	rs3778753	chr7:128,939,988	46
chr7	128937457	128937458	ENSG00000128604	0.526686481081726	A/G	IRF5	ncMono	rs3778753	0.000107103	0.695864	chr7:128939988:A:G	p=0.000107	β=0.696	IRF5 in non-classical monocytes	rs3778753	chr7:128,939,988	47
chr7	128937457	128937458	ENSG00000128604	-1.3103111174984	A/A	IRF5	ncMono	rs3778753	0.000107103	0.695864	chr7:128939988:A:G	p=0.000107	β=0.696	IRF5 in non-classical monocytes	rs3778753	chr7:128,939,988	48
chr7	128937457	128937458	ENSG00000128604	0.307817910895458	G/G	IRF5	ncMono	rs3778753	0.000107103	0.695864	chr7:128939988:A:G	p=0.000107	β=0.696	IRF5 in non-classical monocytes	rs3778753	chr7:128,939,988	49
chr7	128937457	128937458	ENSG00000128604	-0.623788249670789	A/A	IRF5	ncMono	rs3778753	0.000107103	0.695864	chr7:128939988:A:G	p=0.000107	β=0.696	IRF5 in non-classical monocytes	rs3778753	chr7:128,939,988	50
chr7	128937457	128937458	ENSG00000128604	-0.586374406001458	A/G	IRF5	ncMono	rs3778753	0.000107103	0.695864	chr7:128939988:A:G	p=0.000107	β=0.696	IRF5 in non-classical monocytes	rs3778753	chr7:128,939,988	51
chr7	128937457	128937458	ENSG00000128604	1.61314286371948	A/G	IRF5	ncMono	rs3778753	0.000107103	0.695864	chr7:128939988:A:G	p=0.000107	β=0.696	IRF5 in non-classical monocytes	rs3778753	chr7:128,939,988	52
chr7	128937457	128937458	ENSG00000128604	1.48023095196973	G/G	IRF5	ncMono	rs3778753	0.000107103	0.695864	chr7:128939988:A:G	p=0.000107	β=0.696	IRF5 in non-classical monocytes	rs3778753	chr7:128,939,988	53
chr7	128937457	128937458	ENSG00000128604	-3.14717929475078	A/A	IRF5	ncMono	rs3778753	0.000107103	0.695864	chr7:128939988:A:G	p=0.000107	β=0.696	IRF5 in non-classical monocytes	rs3778753	chr7:128,939,988	54
chr7	128937457	128937458	ENSG00000128604	0.0360324696756936	A/A	IRF5	ncMono	rs3778753	0.000107103	0.695864	chr7:128939988:A:G	p=0.000107	β=0.696	IRF5 in non-classical monocytes	rs3778753	chr7:128,939,988	55
chr7	128937457	128937458	ENSG00000128604	-0.999670523443364	A/G	IRF5	ncMono	rs3778753	0.000107103	0.695864	chr7:128939988:A:G	p=0.000107	β=0.696	IRF5 in non-classical monocytes	rs3778753	chr7:128,939,988	56
chr7	128937457	128937458	ENSG00000128604	1.09252930550847	A/G	IRF5	ncMono	rs3778753	0.000107103	0.695864	chr7:128939988:A:G	p=0.000107	β=0.696	IRF5 in non-classical monocytes	rs3778753	chr7:128,939,988	57
chr7	128937457	128937458	ENSG00000128604	0.973357625266951	A/G	IRF5	ncMono	rs3778753	0.000107103	0.695864	chr7:128939988:A:G	p=0.000107	β=0.696	IRF5 in non-classical monocytes	rs3778753	chr7:128,939,988	58
chr7	128937457	128937458	ENSG00000128604	1.00978170589185	G/G	IRF5	ncMono	rs3778753	0.000107103	0.695864	chr7:128939988:A:G	p=0.000107	β=0.696	IRF5 in non-classical monocytes	rs3778753	chr7:128,939,988	59
chr7	128937457	128937458	ENSG00000128604	0.0560298583107819	A/G	IRF5	ncMono	rs3778753	0.000107103	0.695864	chr7:128939988:A:G	p=0.000107	β=0.696	IRF5 in non-classical monocytes	rs3778753	chr7:128,939,988	60
chr7	128937457	128937458	ENSG00000128604	0.19281692426187	A/G	IRF5	ncMono	rs3778753	0.000107103	0.695864	chr7:128939988:A:G	p=0.000107	β=0.696	IRF5 in non-classical monocytes	rs3778753	chr7:128,939,988	61
chr7	128937457	128937458	ENSG00000128604	0.115707304331082	A/A	IRF5	ncMono	rs3778753	0.000107103	0.695864	chr7:128939988:A:G	p=0.000107	β=0.696	IRF5 in non-classical monocytes	rs3778753	chr7:128,939,988	62
chr7	128937457	128937458	ENSG00000128604	0.760674683266383	G/G	IRF5	ncMono	rs3778753	0.000107103	0.695864	chr7:128939988:A:G	p=0.000107	β=0.696	IRF5 in non-classical monocytes	rs3778753	chr7:128,939,988	63
chr7	128937457	128937458	ENSG00000128604	-0.133932458465805	G/G	IRF5	ncMono	rs3778753	0.000107103	0.695864	chr7:128939988:A:G	p=0.000107	β=0.696	IRF5 in non-classical monocytes	rs3778753	chr7:128,939,988	64
chr7	128937457	128937458	ENSG00000128604	-1.54973666964551	A/A	IRF5	ncMono	rs3778753	0.000107103	0.695864	chr7:128939988:A:G	p=0.000107	β=0.696	IRF5 in non-classical monocytes	rs3778753	chr7:128,939,988	65
chr7	128937457	128937458	ENSG00000128604	-0.790930489477384	A/A	IRF5	ncMono	rs3778753	0.000107103	0.695864	chr7:128939988:A:G	p=0.000107	β=0.696	IRF5 in non-classical monocytes	rs3778753	chr7:128,939,988	66
chr7	128937457	128937458	ENSG00000128604	0.269221266212264	A/G	IRF5	ncMono	rs3778753	0.000107103	0.695864	chr7:128939988:A:G	p=0.000107	β=0.696	IRF5 in non-classical monocytes	rs3778753	chr7:128,939,988	67
chr7	128937457	128937458	ENSG00000128604	1.38736792604577	G/G	IRF5	ncMono	rs3778753	0.000107103	0.695864	chr7:128939988:A:G	p=0.000107	β=0.696	IRF5 in non-classical monocytes	rs3778753	chr7:128,939,988	68
chr7	128937457	128937458	ENSG00000128604	1.31068333883197	A/G	IRF5	ncMono	rs3778753	0.000107103	0.695864	chr7:128939988:A:G	p=0.000107	β=0.696	IRF5 in non-classical monocytes	rs3778753	chr7:128,939,988	69
chr7	128937457	128937458	ENSG00000128604	-1.21756463713531	A/G	IRF5	ncMono	rs3778753	0.000107103	0.695864	chr7:128939988:A:G	p=0.000107	β=0.696	IRF5 in non-classical monocytes	rs3778753	chr7:128,939,988	70
chr7	128937457	128937458	ENSG00000128604	-0.111975718232211	A/G	IRF5	ncMono	rs3778753	0.000107103	0.695864	chr7:128939988:A:G	p=0.000107	β=0.696	IRF5 in non-classical monocytes	rs3778753	chr7:128,939,988	71
chr7	128937457	128937458	ENSG00000128604	-1.42027513142602	A/A	IRF5	ncMono	rs3778753	0.000107103	0.695864	chr7:128939988:A:G	p=0.000107	β=0.696	IRF5 in non-classical monocytes	rs3778753	chr7:128,939,988	72
chr7	128937457	128937458	ENSG00000128604	0.0155564314976312	A/G	IRF5	ncMono	rs3778753	0.000107103	0.695864	chr7:128939988:A:G	p=0.000107	β=0.696	IRF5 in non-classical monocytes	rs3778753	chr7:128,939,988	73
chr7	128937457	128937458	ENSG00000128604	-1.06413643310512	A/A	IRF5	ncMono	rs3778753	0.000107103	0.695864	chr7:128939988:A:G	p=0.000107	β=0.696	IRF5 in non-classical monocytes	rs3778753	chr7:128,939,988	74
chr7	128937457	128937458	ENSG00000128604	-0.332004789813365	A/G	IRF5	ncMono	rs3778753	0.000107103	0.695864	chr7:128939988:A:G	p=0.000107	β=0.696	IRF5 in non-classical monocytes	rs3778753	chr7:128,939,988	75
chr7	128937457	128937458	ENSG00000128604	-1.13487695413286	A/G	IRF5	ncMono	rs3778753	0.000107103	0.695864	chr7:128939988:A:G	p=0.000107	β=0.696	IRF5 in non-classical monocytes	rs3778753	chr7:128,939,988	76
chr7	128937457	128937458	ENSG00000128604	-0.484402136607767	A/G	IRF5	ncMono	rs3778753	0.000107103	0.695864	chr7:128939988:A:G	p=0.000107	β=0.696	IRF5 in non-classical monocytes	rs3778753	chr7:128,939,988	77
chr7	128937457	128937458	ENSG00000128604	1.05047276823102	A/G	IRF5	ncMono	rs3778753	0.000107103	0.695864	chr7:128939988:A:G	p=0.000107	β=0.696	IRF5 in non-classical monocytes	rs3778753	chr7:128,939,988	78
chr7	128937457	128937458	ENSG00000128604	-0.389432139873479	A/G	IRF5	ncMono	rs3778753	0.000107103	0.695864	chr7:128939988:A:G	p=0.000107	β=0.696	IRF5 in non-classical monocytes	rs3778753	chr7:128,939,988	79
chr7	128937457	128937458	ENSG00000128604	-0.304021173499915	A/A	IRF5	ncMono	rs3778753	0.000107103	0.695864	chr7:128939988:A:G	p=0.000107	β=0.696	IRF5 in non-classical monocytes	rs3778753	chr7:128,939,988	80
chr7	128937457	128937458	ENSG00000128604	-1.92534163901805	A/A	IRF5	ncMono	rs3778753	0.000107103	0.695864	chr7:128939988:A:G	p=0.000107	β=0.696	IRF5 in non-classical monocytes	rs3778753	chr7:128,939,988	81
chr7	128937457	128937458	ENSG00000128604	-0.157060662972733	A/G	IRF5	ncMono	rs3778753	0.000107103	0.695864	chr7:128939988:A:G	p=0.000107	β=0.696	IRF5 in non-classical monocytes	rs3778753	chr7:128,939,988	82
chr7	128937457	128937458	ENSG00000128604	-0.42007165785304	A/A	IRF5	ncMono	rs3778753	0.000107103	0.695864	chr7:128939988:A:G	p=0.000107	β=0.696	IRF5 in non-classical monocytes	rs3778753	chr7:128,939,988	83
chr7	128937457	128937458	ENSG00000128604	0.250006584887776	A/G	IRF5	ncMono	rs3778753	0.000107103	0.695864	chr7:128939988:A:G	p=0.000107	β=0.696	IRF5 in non-classical monocytes	rs3778753	chr7:128,939,988	84
chr7	128937457	128937458	ENSG00000128604	-0.005126857704601	A/G	IRF5	ncMono	rs3778753	0.000107103	0.695864	chr7:128939988:A:G	p=0.000107	β=0.696	IRF5 in non-classical monocytes	rs3778753	chr7:128,939,988	85
chr7	128937457	128937458	ENSG00000128604	0.569426603840359	A/G	IRF5	ncMono	rs3778753	0.000107103	0.695864	chr7:128939988:A:G	p=0.000107	β=0.696	IRF5 in non-classical monocytes	rs3778753	chr7:128,939,988	86
chr7	128937457	128937458	ENSG00000128604	0.211693596028731	A/A	IRF5	ncMono	rs3778753	0.000107103	0.695864	chr7:128939988:A:G	p=0.000107	β=0.696	IRF5 in non-classical monocytes	rs3778753	chr7:128,939,988	87
chr7	128937457	128937458	ENSG00000128604	-0.360592762012655	A/G	IRF5	ncMono	rs3778753	0.000107103	0.695864	chr7:128939988:A:G	p=0.000107	β=0.696	IRF5 in non-classical monocytes	rs3778753	chr7:128,939,988	88
chr7	128937457	128937458	ENSG00000128604	0.547820187871439	G/G	IRF5	ncMono	rs3778753	0.000107103	0.695864	chr7:128939988:A:G	p=0.000107	β=0.696	IRF5 in non-classical monocytes	rs3778753	chr7:128,939,988	89
chr7	128937457	128937458	ENSG00000128604	-0.745670456996063	A/A	IRF5	ncMono	rs3778753	0.000107103	0.695864	chr7:128939988:A:G	p=0.000107	β=0.696	IRF5 in non-classical monocytes	rs3778753	chr7:128,939,988	90
chr7	128937457	128937458	ENSG00000128604	-0.517425176724671	A/G	IRF5	ncMono	rs3778753	0.000107103	0.695864	chr7:128939988:A:G	p=0.000107	β=0.696	IRF5 in non-classical monocytes	rs3778753	chr7:128,939,988	91
chr7	128937457	128937458	ENSG00000128604	0.327005916821839	A/G	IRF5	ncMono	rs3778753	0.000107103	0.695864	chr7:128939988:A:G	p=0.000107	β=0.696	IRF5 in non-classical monocytes	rs3778753	chr7:128,939,988	92
chr7	128937457	128937458	ENSG00000128604	0.873426767458119	A/G	IRF5	ncMono	rs3778753	0.000107103	0.695864	chr7:128939988:A:G	p=0.000107	β=0.696	IRF5 in non-classical monocytes	rs3778753	chr7:128,939,988	93
chr7	128937457	128937458	ENSG00000128604	-2.58776078311386	A/A	IRF5	ncMono	rs3778753	0.000107103	0.695864	chr7:128939988:A:G	p=0.000107	β=0.696	IRF5 in non-classical monocytes	rs3778753	chr7:128,939,988	94
chr7	128937457	128937458	ENSG00000128604	0.288312101890412	A/G	IRF5	ncMono	rs3778753	0.000107103	0.695864	chr7:128939988:A:G	p=0.000107	β=0.696	IRF5 in non-classical monocytes	rs3778753	chr7:128,939,988	95
chr7	128937457	128937458	ENSG00000128604	0.135256737447793	A/G	IRF5	ncMono	rs3778753	0.000107103	0.695864	chr7:128939988:A:G	p=0.000107	β=0.696	IRF5 in non-classical monocytes	rs3778753	chr7:128,939,988	96
chr7	128937457	128937458	ENSG00000128604	-0.252546741874104	A/A	IRF5	ncMono	rs3778753	0.000107103	0.695864	chr7:128939988:A:G	p=0.000107	β=0.696	IRF5 in non-classical monocytes	rs3778753	chr7:128,939,988	97
chr7	128937457	128937458	ENSG00000128604	0.465280022564983	A/G	IRF5	ncMono	rs3778753	0.000107103	0.695864	chr7:128939988:A:G	p=0.000107	β=0.696	IRF5 in non-classical monocytes	rs3778753	chr7:128,939,988	98
chr7	128937457	128937458	ENSG00000128604	0.709060437642804	A/A	IRF5	ncMono	rs3778753	0.000107103	0.695864	chr7:128939988:A:G	p=0.000107	β=0.696	IRF5 in non-classical monocytes	rs3778753	chr7:128,939,988	99
chr7	128937457	128937458	ENSG00000128604	0.44509987385186	A/G	IRF5	ncMono	rs3778753	0.000107103	0.695864	chr7:128939988:A:G	p=0.000107	β=0.696	IRF5 in non-classical monocytes	rs3778753	chr7:128,939,988	100
chr9	120902393	120902394	ENSG00000056558	-0.449649646044631	C/C	TRAF1	CD8	rs1008382	0.00031234	0.689819	chr9:120918977:C:G	p=0.000312	β=0.69	TRAF1 in CD8 cells	rs1008382	chr9:120,918,977	1
chr9	120902393	120902394	ENSG00000056558	-0.133920864623822	C/G	TRAF1	CD8	rs1008382	0.00031234	0.689819	chr9:120918977:C:G	p=0.000312	β=0.69	TRAF1 in CD8 cells	rs1008382	chr9:120,918,977	2
chr9	120902393	120902394	ENSG00000056558	-0.0612045240484747	G/G	TRAF1	CD8	rs1008382	0.00031234	0.689819	chr9:120918977:C:G	p=0.000312	β=0.69	TRAF1 in CD8 cells	rs1008382	chr9:120,918,977	3
chr9	120902393	120902394	ENSG00000056558	-0.212097720713205	C/G	TRAF1	CD8	rs1008382	0.00031234	0.689819	chr9:120918977:C:G	p=0.000312	β=0.69	TRAF1 in CD8 cells	rs1008382	chr9:120,918,977	4
chr9	120902393	120902394	ENSG00000056558	-1.75666452458431	G/G	TRAF1	CD8	rs1008382	0.00031234	0.689819	chr9:120918977:C:G	p=0.000312	β=0.69	TRAF1 in CD8 cells	rs1008382	chr9:120,918,977	5
chr9	120902393	120902394	ENSG00000056558	1.44428834474448	C/G	TRAF1	CD8	rs1008382	0.00031234	0.689819	chr9:120918977:C:G	p=0.000312	β=0.69	TRAF1 in CD8 cells	rs1008382	chr9:120,918,977	6
chr9	120902393	120902394	ENSG00000056558	-1.08673445897228	G/G	TRAF1	CD8	rs1008382	0.00031234	0.689819	chr9:120918977:C:G	p=0.000312	β=0.69	TRAF1 in CD8 cells	rs1008382	chr9:120,918,977	7
chr9	120902393	120902394	ENSG00000056558	1.03052430402204	C/C	TRAF1	CD8	rs1008382	0.00031234	0.689819	chr9:120918977:C:G	p=0.000312	β=0.69	TRAF1 in CD8 cells	rs1008382	chr9:120,918,977	8
chr9	120902393	120902394	ENSG00000056558	0.427776019757142	G/G	TRAF1	CD8	rs1008382	0.00031234	0.689819	chr9:120918977:C:G	p=0.000312	β=0.69	TRAF1 in CD8 cells	rs1008382	chr9:120,918,977	9
chr9	120902393	120902394	ENSG00000056558	-0.595280496740382	C/G	TRAF1	CD8	rs1008382	0.00031234	0.689819	chr9:120918977:C:G	p=0.000312	β=0.69	TRAF1 in CD8 cells	rs1008382	chr9:120,918,977	10
chr9	120902393	120902394	ENSG00000056558	0.587525961514801	C/G	TRAF1	CD8	rs1008382	0.00031234	0.689819	chr9:120918977:C:G	p=0.000312	β=0.69	TRAF1 in CD8 cells	rs1008382	chr9:120,918,977	11
chr9	120902393	120902394	ENSG00000056558	1.80423950760506	C/G	TRAF1	CD8	rs1008382	0.00031234	0.689819	chr9:120918977:C:G	p=0.000312	β=0.69	TRAF1 in CD8 cells	rs1008382	chr9:120,918,977	12
chr9	120902393	120902394	ENSG00000056558	0.736580485082496	G/G	TRAF1	CD8	rs1008382	0.00031234	0.689819	chr9:120918977:C:G	p=0.000312	β=0.69	TRAF1 in CD8 cells	rs1008382	chr9:120,918,977	13
chr9	120902393	120902394	ENSG00000056558	1.51915020830263	C/G	TRAF1	CD8	rs1008382	0.00031234	0.689819	chr9:120918977:C:G	p=0.000312	β=0.69	TRAF1 in CD8 cells	rs1008382	chr9:120,918,977	14
chr9	120902393	120902394	ENSG00000056558	0.6450570883386	C/G	TRAF1	CD8	rs1008382	0.00031234	0.689819	chr9:120918977:C:G	p=0.000312	β=0.69	TRAF1 in CD8 cells	rs1008382	chr9:120,918,977	15
chr9	120902393	120902394	ENSG00000056558	-1.54537455508036	C/G	TRAF1	CD8	rs1008382	0.00031234	0.689819	chr9:120918977:C:G	p=0.000312	β=0.69	TRAF1 in CD8 cells	rs1008382	chr9:120,918,977	16
chr9	120902393	120902394	ENSG00000056558	1.12533948109066	G/G	TRAF1	CD8	rs1008382	0.00031234	0.689819	chr9:120918977:C:G	p=0.000312	β=0.69	TRAF1 in CD8 cells	rs1008382	chr9:120,918,977	17
chr9	120902393	120902394	ENSG00000056558	1.60298686976811	C/G	TRAF1	CD8	rs1008382	0.00031234	0.689819	chr9:120918977:C:G	p=0.000312	β=0.69	TRAF1 in CD8 cells	rs1008382	chr9:120,918,977	18
chr9	120902393	120902394	ENSG00000056558	0.326719553197995	C/G	TRAF1	CD8	rs1008382	0.00031234	0.689819	chr9:120918977:C:G	p=0.000312	β=0.69	TRAF1 in CD8 cells	rs1008382	chr9:120,918,977	19
chr9	120902393	120902394	ENSG00000056558	1.37310205512236	G/G	TRAF1	CD8	rs1008382	0.00031234	0.689819	chr9:120918977:C:G	p=0.000312	β=0.69	TRAF1 in CD8 cells	rs1008382	chr9:120,918,977	20
chr9	120902393	120902394	ENSG00000056558	1.17919120121519	G/G	TRAF1	CD8	rs1008382	0.00031234	0.689819	chr9:120918977:C:G	p=0.000312	β=0.69	TRAF1 in CD8 cells	rs1008382	chr9:120,918,977	21
chr9	120902393	120902394	ENSG00000056558	0.479121760797001	C/C	TRAF1	CD8	rs1008382	0.00031234	0.689819	chr9:120918977:C:G	p=0.000312	β=0.69	TRAF1 in CD8 cells	rs1008382	chr9:120,918,977	22
chr9	120902393	120902394	ENSG00000056558	0.872137203673413	C/G	TRAF1	CD8	rs1008382	0.00031234	0.689819	chr9:120918977:C:G	p=0.000312	β=0.69	TRAF1 in CD8 cells	rs1008382	chr9:120,918,977	23
chr9	120902393	120902394	ENSG00000056558	0.674595787883365	G/G	TRAF1	CD8	rs1008382	0.00031234	0.689819	chr9:120918977:C:G	p=0.000312	β=0.69	TRAF1 in CD8 cells	rs1008382	chr9:120,918,977	24
chr9	120902393	120902394	ENSG00000056558	-1.4608972795561	C/C	TRAF1	CD8	rs1008382	0.00031234	0.689819	chr9:120918977:C:G	p=0.000312	β=0.69	TRAF1 in CD8 cells	rs1008382	chr9:120,918,977	25
chr9	120902393	120902394	ENSG00000056558	0.351486293782226	C/G	TRAF1	CD8	rs1008382	0.00031234	0.689819	chr9:120918977:C:G	p=0.000312	β=0.69	TRAF1 in CD8 cells	rs1008382	chr9:120,918,977	26
chr9	120902393	120902394	ENSG00000056558	-0.422175413882598	C/G	TRAF1	CD8	rs1008382	0.00031234	0.689819	chr9:120918977:C:G	p=0.000312	β=0.69	TRAF1 in CD8 cells	rs1008382	chr9:120,918,977	27
chr9	120902393	120902394	ENSG00000056558	-0.263299721276149	C/G	TRAF1	CD8	rs1008382	0.00031234	0.689819	chr9:120918977:C:G	p=0.000312	β=0.69	TRAF1 in CD8 cells	rs1008382	chr9:120,918,977	28
chr9	120902393	120902394	ENSG00000056558	-0.535253911624944	C/G	TRAF1	CD8	rs1008382	0.00031234	0.689819	chr9:120918977:C:G	p=0.000312	β=0.69	TRAF1 in CD8 cells	rs1008382	chr9:120,918,977	29
chr9	120902393	120902394	ENSG00000056558	1.30792378032247	C/C	TRAF1	CD8	rs1008382	0.00031234	0.689819	chr9:120918977:C:G	p=0.000312	β=0.69	TRAF1 in CD8 cells	rs1008382	chr9:120,918,977	30
chr9	120902393	120902394	ENSG00000056558	-1.38508015772525	C/C	TRAF1	CD8	rs1008382	0.00031234	0.689819	chr9:120918977:C:G	p=0.000312	β=0.69	TRAF1 in CD8 cells	rs1008382	chr9:120,918,977	31
chr9	120902393	120902394	ENSG00000056558	0.179497891304127	C/G	TRAF1	CD8	rs1008382	0.00031234	0.689819	chr9:120918977:C:G	p=0.000312	β=0.69	TRAF1 in CD8 cells	rs1008382	chr9:120,918,977	32
chr9	120902393	120902394	ENSG00000056558	0.988307178061353	C/G	TRAF1	CD8	rs1008382	0.00031234	0.689819	chr9:120918977:C:G	p=0.000312	β=0.69	TRAF1 in CD8 cells	rs1008382	chr9:120,918,977	33
chr9	120902393	120902394	ENSG00000056558	0.947648240151061	C/C	TRAF1	CD8	rs1008382	0.00031234	0.689819	chr9:120918977:C:G	p=0.000312	β=0.69	TRAF1 in CD8 cells	rs1008382	chr9:120,918,977	34
chr9	120902393	120902394	ENSG00000056558	-0.907748053653493	C/G	TRAF1	CD8	rs1008382	0.00031234	0.689819	chr9:120918977:C:G	p=0.000312	β=0.69	TRAF1 in CD8 cells	rs1008382	chr9:120,918,977	35
chr9	120902393	120902394	ENSG00000056558	0.20334087637203	C/G	TRAF1	CD8	rs1008382	0.00031234	0.689819	chr9:120918977:C:G	p=0.000312	β=0.69	TRAF1 in CD8 cells	rs1008382	chr9:120,918,977	36
chr9	120902393	120902394	ENSG00000056558	0.768754663142111	C/G	TRAF1	CD8	rs1008382	0.00031234	0.689819	chr9:120918977:C:G	p=0.000312	β=0.69	TRAF1 in CD8 cells	rs1008382	chr9:120,918,977	37
chr9	120902393	120902394	ENSG00000056558	0.228092691039134	G/G	TRAF1	CD8	rs1008382	0.00031234	0.689819	chr9:120918977:C:G	p=0.000312	β=0.69	TRAF1 in CD8 cells	rs1008382	chr9:120,918,977	38
chr9	120902393	120902394	ENSG00000056558	-0.626234073532351	C/G	TRAF1	CD8	rs1008382	0.00031234	0.689819	chr9:120918977:C:G	p=0.000312	β=0.69	TRAF1 in CD8 cells	rs1008382	chr9:120,918,977	39
chr9	120902393	120902394	ENSG00000056558	-1.31744357068171	C/C	TRAF1	CD8	rs1008382	0.00031234	0.689819	chr9:120918977:C:G	p=0.000312	β=0.69	TRAF1 in CD8 cells	rs1008382	chr9:120,918,977	40
chr9	120902393	120902394	ENSG00000056558	0.90891514205874	C/G	TRAF1	CD8	rs1008382	0.00031234	0.689819	chr9:120918977:C:G	p=0.000312	β=0.69	TRAF1 in CD8 cells	rs1008382	chr9:120,918,977	41
chr9	120902393	120902394	ENSG00000056558	0.13220209039782	C/G	TRAF1	CD8	rs1008382	0.00031234	0.689819	chr9:120918977:C:G	p=0.000312	β=0.69	TRAF1 in CD8 cells	rs1008382	chr9:120,918,977	42
chr9	120902393	120902394	ENSG00000056558	0.453683180095862	G/G	TRAF1	CD8	rs1008382	0.00031234	0.689819	chr9:120918977:C:G	p=0.000312	β=0.69	TRAF1 in CD8 cells	rs1008382	chr9:120,918,977	43
chr9	120902393	120902394	ENSG00000056558	0.376809558488119	C/C	TRAF1	CD8	rs1008382	0.00031234	0.689819	chr9:120918977:C:G	p=0.000312	β=0.69	TRAF1 in CD8 cells	rs1008382	chr9:120,918,977	44
chr9	120902393	120902394	ENSG00000056558	-0.31430626201906	C/C	TRAF1	CD8	rs1008382	0.00031234	0.689819	chr9:120918977:C:G	p=0.000312	β=0.69	TRAF1 in CD8 cells	rs1008382	chr9:120,918,977	45
chr9	120902393	120902394	ENSG00000056558	-1.64261350707435	C/G	TRAF1	CD8	rs1008382	0.00031234	0.689819	chr9:120918977:C:G	p=0.000312	β=0.69	TRAF1 in CD8 cells	rs1008382	chr9:120,918,977	46
chr9	120902393	120902394	ENSG00000056558	-0.723234065683861	G/G	TRAF1	CD8	rs1008382	0.00031234	0.689819	chr9:120918977:C:G	p=0.000312	β=0.69	TRAF1 in CD8 cells	rs1008382	chr9:120,918,977	47
chr9	120902393	120902394	ENSG00000056558	-0.0124851998622181	G/G	TRAF1	CD8	rs1008382	0.00031234	0.689819	chr9:120918977:C:G	p=0.000312	β=0.69	TRAF1 in CD8 cells	rs1008382	chr9:120,918,977	48
chr9	120902393	120902394	ENSG00000056558	1.69676020142377	G/G	TRAF1	CD8	rs1008382	0.00031234	0.689819	chr9:120918977:C:G	p=0.000312	β=0.69	TRAF1 in CD8 cells	rs1008382	chr9:120,918,977	49
chr9	120902393	120902394	ENSG00000056558	-0.237754630945268	G/G	TRAF1	CD8	rs1008382	0.00031234	0.689819	chr9:120918977:C:G	p=0.000312	β=0.69	TRAF1 in CD8 cells	rs1008382	chr9:120,918,977	50
chr9	120902393	120902394	ENSG00000056558	0.705333705484041	G/G	TRAF1	CD8	rs1008382	0.00031234	0.689819	chr9:120918977:C:G	p=0.000312	β=0.69	TRAF1 in CD8 cells	rs1008382	chr9:120,918,977	51
chr9	120902393	120902394	ENSG00000056558	1.07577886506743	G/G	TRAF1	CD8	rs1008382	0.00031234	0.689819	chr9:120918977:C:G	p=0.000312	β=0.69	TRAF1 in CD8 cells	rs1008382	chr9:120,918,977	52
chr9	120902393	120902394	ENSG00000056558	-0.0369694563156685	G/G	TRAF1	CD8	rs1008382	0.00031234	0.689819	chr9:120918977:C:G	p=0.000312	β=0.69	TRAF1 in CD8 cells	rs1008382	chr9:120,918,977	53
chr9	120902393	120902394	ENSG00000056558	0.0600257520226413	G/G	TRAF1	CD8	rs1008382	0.00031234	0.689819	chr9:120918977:C:G	p=0.000312	β=0.69	TRAF1 in CD8 cells	rs1008382	chr9:120,918,977	54
chr9	120902393	120902394	ENSG00000056558	-0.183779818161539	C/G	TRAF1	CD8	rs1008382	0.00031234	0.689819	chr9:120918977:C:G	p=0.000312	β=0.69	TRAF1 in CD8 cells	rs1008382	chr9:120,918,977	55
chr9	120902393	120902394	ENSG00000056558	-0.7938342311148	C/G	TRAF1	CD8	rs1008382	0.00031234	0.689819	chr9:120918977:C:G	p=0.000312	β=0.69	TRAF1 in CD8 cells	rs1008382	chr9:120,918,977	56
chr9	120902393	120902394	ENSG00000056558	-0.689957975640018	G/G	TRAF1	CD8	rs1008382	0.00031234	0.689819	chr9:120918977:C:G	p=0.000312	β=0.69	TRAF1 in CD8 cells	rs1008382	chr9:120,918,977	57
chr9	120902393	120902394	ENSG00000056558	-0.394763902874216	C/C	TRAF1	CD8	rs1008382	0.00031234	0.689819	chr9:120918977:C:G	p=0.000312	β=0.69	TRAF1 in CD8 cells	rs1008382	chr9:120,918,977	58
chr9	120902393	120902394	ENSG00000056558	0.108236107991576	C/G	TRAF1	CD8	rs1008382	0.00031234	0.689819	chr9:120918977:C:G	p=0.000312	β=0.69	TRAF1 in CD8 cells	rs1008382	chr9:120,918,977	59
chr9	120902393	120902394	ENSG00000056558	0.402081361630587	G/G	TRAF1	CD8	rs1008382	0.00031234	0.689819	chr9:120918977:C:G	p=0.000312	β=0.69	TRAF1 in CD8 cells	rs1008382	chr9:120,918,977	60
chr9	120902393	120902394	ENSG00000056558	0.559372679810352	C/G	TRAF1	CD8	rs1008382	0.00031234	0.689819	chr9:120918977:C:G	p=0.000312	β=0.69	TRAF1 in CD8 cells	rs1008382	chr9:120,918,977	61
chr9	120902393	120902394	ENSG00000056558	-1.13893801382472	C/G	TRAF1	CD8	rs1008382	0.00031234	0.689819	chr9:120918977:C:G	p=0.000312	β=0.69	TRAF1 in CD8 cells	rs1008382	chr9:120,918,977	62
chr9	120902393	120902394	ENSG00000056558	2.42899246995107	G/G	TRAF1	CD8	rs1008382	0.00031234	0.689819	chr9:120918977:C:G	p=0.000312	β=0.69	TRAF1 in CD8 cells	rs1008382	chr9:120,918,977	63
chr9	120902393	120902394	ENSG00000056558	-0.565042201921116	G/G	TRAF1	CD8	rs1008382	0.00031234	0.689819	chr9:120918977:C:G	p=0.000312	β=0.69	TRAF1 in CD8 cells	rs1008382	chr9:120,918,977	64
chr9	120902393	120902394	ENSG00000056558	-1.25299736376718	C/G	TRAF1	CD8	rs1008382	0.00031234	0.689819	chr9:120918977:C:G	p=0.000312	β=0.69	TRAF1 in CD8 cells	rs1008382	chr9:120,918,977	65
chr9	120902393	120902394	ENSG00000056558	0.836445792794538	C/G	TRAF1	CD8	rs1008382	0.00031234	0.689819	chr9:120918977:C:G	p=0.000312	β=0.69	TRAF1 in CD8 cells	rs1008382	chr9:120,918,977	66
chr9	120902393	120902394	ENSG00000056558	-0.288842759814242	C/G	TRAF1	CD8	rs1008382	0.00031234	0.689819	chr9:120918977:C:G	p=0.000312	β=0.69	TRAF1 in CD8 cells	rs1008382	chr9:120,918,977	67
chr9	120902393	120902394	ENSG00000056558	0.252477492962839	C/G	TRAF1	CD8	rs1008382	0.00031234	0.689819	chr9:120918977:C:G	p=0.000312	β=0.69	TRAF1 in CD8 cells	rs1008382	chr9:120,918,977	68
chr9	120902393	120902394	ENSG00000056558	-0.477411577479228	C/G	TRAF1	CD8	rs1008382	0.00031234	0.689819	chr9:120918977:C:G	p=0.000312	β=0.69	TRAF1 in CD8 cells	rs1008382	chr9:120,918,977	69
chr9	120902393	120902394	ENSG00000056558	0.61572069476856	G/G	TRAF1	CD8	rs1008382	0.00031234	0.689819	chr9:120918977:C:G	p=0.000312	β=0.69	TRAF1 in CD8 cells	rs1008382	chr9:120,918,977	70
chr9	120902393	120902394	ENSG00000056558	0.156019476666145	C/G	TRAF1	CD8	rs1008382	0.00031234	0.689819	chr9:120918977:C:G	p=0.000312	β=0.69	TRAF1 in CD8 cells	rs1008382	chr9:120,918,977	71
chr9	120902393	120902394	ENSG00000056558	0.302136991035982	G/G	TRAF1	CD8	rs1008382	0.00031234	0.689819	chr9:120918977:C:G	p=0.000312	β=0.69	TRAF1 in CD8 cells	rs1008382	chr9:120,918,977	72
chr9	120902393	120902394	ENSG00000056558	-1.03773589147822	C/G	TRAF1	CD8	rs1008382	0.00031234	0.689819	chr9:120918977:C:G	p=0.000312	β=0.69	TRAF1 in CD8 cells	rs1008382	chr9:120,918,977	73
chr9	120902393	120902394	ENSG00000056558	-2.78184511214735	C/C	TRAF1	CD8	rs1008382	0.00031234	0.689819	chr9:120918977:C:G	p=0.000312	β=0.69	TRAF1 in CD8 cells	rs1008382	chr9:120,918,977	74
chr9	120902393	120902394	ENSG00000056558	-0.340639723138862	G/G	TRAF1	CD8	rs1008382	0.00031234	0.689819	chr9:120918977:C:G	p=0.000312	β=0.69	TRAF1 in CD8 cells	rs1008382	chr9:120,918,977	75
chr9	120902393	120902394	ENSG00000056558	-1.89390511680494	C/G	TRAF1	CD8	rs1008382	0.00031234	0.689819	chr9:120918977:C:G	p=0.000312	β=0.69	TRAF1 in CD8 cells	rs1008382	chr9:120,918,977	76
chr9	120902393	120902394	ENSG00000056558	-0.109640238815879	G/G	TRAF1	CD8	rs1008382	0.00031234	0.689819	chr9:120918977:C:G	p=0.000312	β=0.69	TRAF1 in CD8 cells	rs1008382	chr9:120,918,977	77
chr9	120902393	120902394	ENSG00000056558	1.93663588935061	C/G	TRAF1	CD8	rs1008382	0.00031234	0.689819	chr9:120918977:C:G	p=0.000312	β=0.69	TRAF1 in CD8 cells	rs1008382	chr9:120,918,977	78
chr9	120902393	120902394	ENSG00000056558	0.27730616575061	C/G	TRAF1	CD8	rs1008382	0.00031234	0.689819	chr9:120918977:C:G	p=0.000312	β=0.69	TRAF1 in CD8 cells	rs1008382	chr9:120,918,977	79
chr9	120902393	120902394	ENSG00000056558	-2.31092183975851	C/G	TRAF1	CD8	rs1008382	0.00031234	0.689819	chr9:120918977:C:G	p=0.000312	β=0.69	TRAF1 in CD8 cells	rs1008382	chr9:120,918,977	80
chr9	120902393	120902394	ENSG00000056558	0.532444957541784	C/G	TRAF1	CD8	rs1008382	0.00031234	0.689819	chr9:120918977:C:G	p=0.000312	β=0.69	TRAF1 in CD8 cells	rs1008382	chr9:120,918,977	81
chr9	120902393	120902394	ENSG00000056558	-0.830198002148685	G/G	TRAF1	CD8	rs1008382	0.00031234	0.689819	chr9:120918977:C:G	p=0.000312	β=0.69	TRAF1 in CD8 cells	rs1008382	chr9:120,918,977	82
chr9	120902393	120902394	ENSG00000056558	0.505476854608633	G/G	TRAF1	CD8	rs1008382	0.00031234	0.689819	chr9:120918977:C:G	p=0.000312	β=0.69	TRAF1 in CD8 cells	rs1008382	chr9:120,918,977	83
chr9	120902393	120902394	ENSG00000056558	-0.868308462458252	G/G	TRAF1	CD8	rs1008382	0.00031234	0.689819	chr9:120918977:C:G	p=0.000312	β=0.69	TRAF1 in CD8 cells	rs1008382	chr9:120,918,977	84
chr9	120902393	120902394	ENSG00000056558	-2.06458144149942	C/C	TRAF1	CD8	rs1008382	0.00031234	0.689819	chr9:120918977:C:G	p=0.000312	β=0.69	TRAF1 in CD8 cells	rs1008382	chr9:120,918,977	85
chr9	120902393	120902394	ENSG00000056558	-0.992188645653588	C/G	TRAF1	CD8	rs1008382	0.00031234	0.689819	chr9:120918977:C:G	p=0.000312	β=0.69	TRAF1 in CD8 cells	rs1008382	chr9:120,918,977	86
chr9	120902393	120902394	ENSG00000056558	0.0841655284915436	G/G	TRAF1	CD8	rs1008382	0.00031234	0.689819	chr9:120918977:C:G	p=0.000312	β=0.69	TRAF1 in CD8 cells	rs1008382	chr9:120,918,977	87
chr9	120902393	120902394	ENSG00000056558	-0.505849467116752	C/G	TRAF1	CD8	rs1008382	0.00031234	0.689819	chr9:120918977:C:G	p=0.000312	β=0.69	TRAF1 in CD8 cells	rs1008382	chr9:120,918,977	88
chr9	120902393	120902394	ENSG00000056558	-0.949052410869253	C/C	TRAF1	CD8	rs1008382	0.00031234	0.689819	chr9:120918977:C:G	p=0.000312	β=0.69	TRAF1 in CD8 cells	rs1008382	chr9:120,918,977	89
chr9	120902393	120902394	ENSG00000056558	-0.158244332993589	G/G	TRAF1	CD8	rs1008382	0.00031234	0.689819	chr9:120918977:C:G	p=0.000312	β=0.69	TRAF1 in CD8 cells	rs1008382	chr9:120,918,977	90
chr9	120902393	120902394	ENSG00000056558	0.802223077015036	G/G	TRAF1	CD8	rs1008382	0.00031234	0.689819	chr9:120918977:C:G	p=0.000312	β=0.69	TRAF1 in CD8 cells	rs1008382	chr9:120,918,977	91
chr9	120902393	120902394	ENSG00000056558	-0.657696281513854	C/G	TRAF1	CD8	rs1008382	0.00031234	0.689819	chr9:120918977:C:G	p=0.000312	β=0.69	TRAF1 in CD8 cells	rs1008382	chr9:120,918,977	92
chr9	120902393	120902394	ENSG00000056558	-0.085435929337435	C/C	TRAF1	CD8	rs1008382	0.00031234	0.689819	chr9:120918977:C:G	p=0.000312	β=0.69	TRAF1 in CD8 cells	rs1008382	chr9:120,918,977	93
chr9	120902393	120902394	ENSG00000056558	-0.757940589292262	C/G	TRAF1	CD8	rs1008382	0.00031234	0.689819	chr9:120918977:C:G	p=0.000312	β=0.69	TRAF1 in CD8 cells	rs1008382	chr9:120,918,977	94
chr9	120902393	120902394	ENSG00000056558	0.0114360958841778	C/G	TRAF1	CD8	rs1008382	0.00031234	0.689819	chr9:120918977:C:G	p=0.000312	β=0.69	TRAF1 in CD8 cells	rs1008382	chr9:120,918,977	95
chr9	120902393	120902394	ENSG00000056558	-1.19428089205626	C/C	TRAF1	CD8	rs1008382	0.00031234	0.689819	chr9:120918977:C:G	p=0.000312	β=0.69	TRAF1 in CD8 cells	rs1008382	chr9:120,918,977	96
chr9	120902393	120902394	ENSG00000056558	-0.367497858941265	C/G	TRAF1	CD8	rs1008382	0.00031234	0.689819	chr9:120918977:C:G	p=0.000312	β=0.69	TRAF1 in CD8 cells	rs1008382	chr9:120,918,977	97
chr9	120902393	120902394	ENSG00000056558	2.1121328822106	G/G	TRAF1	CD8	rs1008382	0.00031234	0.689819	chr9:120918977:C:G	p=0.000312	β=0.69	TRAF1 in CD8 cells	rs1008382	chr9:120,918,977	98
chr9	120902393	120902394	ENSG00000056558	0.035547007256483	G/G	TRAF1	CD8	rs1008382	0.00031234	0.689819	chr9:120918977:C:G	p=0.000312	β=0.69	TRAF1 in CD8 cells	rs1008382	chr9:120,918,977	99
chr9	120902393	120902394	ENSG00000056558	1.24620470821256	G/G	TRAF1	CD8	rs1008382	0.00031234	0.689819	chr9:120918977:C:G	p=0.000312	β=0.69	TRAF1 in CD8 cells	rs1008382	chr9:120,918,977	100
