#chr	start	end	phenotype_id	Zscore	genotype_label	hosp	cell_type	random_sample_id
chr12	56041351	56041352	ENSG00000197728	-1.10549418440745	G/G	Non-hospitalised	cMono	1
chr12	56041351	56041352	ENSG00000197728	0.900502653472197	C/G	Non-hospitalised	cMono	2
chr12	56041351	56041352	ENSG00000197728	0.347475720419715	C/G	Non-hospitalised	cMono	3
chr12	56041351	56041352	ENSG00000197728	-0.936092155887335	G/G	Non-hospitalised	cMono	4
chr12	56041351	56041352	ENSG00000197728	0.938465030988381	C/G	Non-hospitalised	cMono	5
chr12	56041351	56041352	ENSG00000197728	-0.8602169535763	G/G	Non-hospitalised	cMono	6
chr12	56041351	56041352	ENSG00000197728	-0.186071024848861	C/G	Non-hospitalised	cMono	7
chr12	56041351	56041352	ENSG00000197728	0.374271078676971	C/G	Non-hospitalised	cMono	8
chr12	56041351	56041352	ENSG00000197728	-0.595504518837172	G/G	Non-hospitalised	cMono	9
chr12	56041351	56041352	ENSG00000197728	0.793835572390913	C/G	Non-hospitalised	cMono	10
chr12	56041351	56041352	ENSG00000197728	0.661839791025	C/G	Non-hospitalised	cMono	11
chr12	56041351	56041352	ENSG00000197728	0.456457766418483	C/G	Non-hospitalised	cMono	12
chr12	56041351	56041352	ENSG00000197728	2.16367136301273	C/C	Non-hospitalised	cMono	13
chr12	56041351	56041352	ENSG00000197728	-1.15300299022369	G/G	Non-hospitalised	cMono	14
chr12	56041351	56041352	ENSG00000197728	-1.82333384103549	G/G	Non-hospitalised	cMono	15
chr12	56041351	56041352	ENSG00000197728	2.50624843830395	C/C	Non-hospitalised	cMono	16
chr12	56041351	56041352	ENSG00000197728	0.24373483971874	C/G	Non-hospitalised	cMono	17
chr12	56041351	56041352	ENSG00000197728	1.6973699867076	C/C	Non-hospitalised	cMono	18
chr12	56041351	56041352	ENSG00000197728	0.484395439852033	C/G	Non-hospitalised	cMono	19
chr12	56041351	56041352	ENSG00000197728	-1.9766701284852	G/G	Hospitalised	cMono	20
chr12	56041351	56041352	ENSG00000197728	-1.52032221818197	G/G	Hospitalised	cMono	21
chr12	56041351	56041352	ENSG00000197728	0.0658105226585498	C/G	Hospitalised	cMono	22
chr12	56041351	56041352	ENSG00000197728	-0.316877497646085	C/G	Hospitalised	cMono	23
chr12	56041351	56041352	ENSG00000197728	0.570761898994215	C/G	Hospitalised	cMono	24
chr12	56041351	56041352	ENSG00000197728	0.759191218765554	C/G	Hospitalised	cMono	25
chr12	56041351	56041352	ENSG00000197728	0.217997537536805	C/G	Hospitalised	cMono	26
chr12	56041351	56041352	ENSG00000197728	0.864354933593091	C/G	Hospitalised	cMono	27
chr12	56041351	56041352	ENSG00000197728	-1.25723768672021	G/G	Hospitalised	cMono	28
chr12	56041351	56041352	ENSG00000197728	0.693161856700079	C/G	Hospitalised	cMono	29
chr12	56041351	56041352	ENSG00000197728	-2.59623977992876	G/G	Hospitalised	cMono	30
chr12	56041351	56041352	ENSG00000197728	0.428734451143773	C/G	Hospitalised	cMono	31
chr12	56041351	56041352	ENSG00000197728	0.269762637589123	C/G	Hospitalised	cMono	32
chr12	56041351	56041352	ENSG00000197728	-1.31466282420331	G/G	Hospitalised	cMono	33
chr12	56041351	56041352	ENSG00000197728	-0.396520682469811	C/G	Hospitalised	cMono	34
chr12	56041351	56041352	ENSG00000197728	1.05957709860344	C/C	Hospitalised	cMono	35
chr12	56041351	56041352	ENSG00000197728	0.141526242213091	C/G	Hospitalised	cMono	36
chr12	56041351	56041352	ENSG00000197728	0.115958596525244	C/G	Hospitalised	cMono	37
chr12	56041351	56041352	ENSG00000197728	-0.134637780966133	C/G	Hospitalised	cMono	38
chr12	56041351	56041352	ENSG00000197728	-0.656996902529946	G/G	Hospitalised	cMono	39
chr12	56041351	56041352	ENSG00000197728	1.81062065152007	C/C	Hospitalised	cMono	40
chr12	56041351	56041352	ENSG00000197728	-0.536609443138979	G/G	Hospitalised	cMono	41
chr12	56041351	56041352	ENSG00000197728	0.725807669058208	C/G	Hospitalised	cMono	42
chr12	56041351	56041352	ENSG00000197728	0.0147391096916436	C/G	Hospitalised	cMono	43
chr12	56041351	56041352	ENSG00000197728	-0.342968780284163	C/G	Hospitalised	cMono	44
chr12	56041351	56041352	ENSG00000197728	0.0909663280644857	C/G	Hospitalised	cMono	45
chr12	56041351	56041352	ENSG00000197728	-0.565955053429445	G/G	Hospitalised	cMono	46
chr12	56041351	56041352	ENSG00000197728	-0.290810362166979	C/G	Hospitalised	cMono	47
chr12	56041351	56041352	ENSG00000197728	-0.479849146946833	G/G	Hospitalised	cMono	48
chr12	56041351	56041352	ENSG00000197728	-1.01695451151685	G/G	Hospitalised	cMono	49
chr12	56041351	56041352	ENSG00000197728	-0.0848793424488274	C/G	Hospitalised	cMono	50
chr12	56041351	56041352	ENSG00000197728	-0.62619468105687	G/G	Hospitalised	cMono	51
chr12	56041351	56041352	ENSG00000197728	-0.160059021717758	C/G	Hospitalised	cMono	52
chr12	56041351	56041352	ENSG00000197728	-0.721414153867505	G/G	Hospitalised	cMono	53
chr12	56041351	56041352	ENSG00000197728	1.10480363855198	C/C	Hospitalised	cMono	54
chr12	56041351	56041352	ENSG00000197728	0.512904604119443	C/G	Hospitalised	cMono	55
chr12	56041351	56041352	ENSG00000197728	1.31836045171783	C/C	Hospitalised	cMono	56
chr12	56041351	56041352	ENSG00000197728	1.01790712970224	C/C	Hospitalised	cMono	57
chr12	56041351	56041352	ENSG00000197728	-1.60524897362082	G/G	Hospitalised	cMono	58
chr12	56041351	56041352	ENSG00000197728	-0.89760868655464	G/G	Hospitalised	cMono	59
chr12	56041351	56041352	ENSG00000197728	1.20341164751005	C/C	Hospitalised	cMono	60
chr12	56041351	56041352	ENSG00000197728	-0.451893154235801	C/G	Hospitalised	cMono	61
chr12	56041351	56041352	ENSG00000197728	-0.010556243028728	C/G	Hospitalised	cMono	62
chr12	56041351	56041352	ENSG00000197728	-0.264832423574964	C/G	Hospitalised	cMono	63
chr12	56041351	56041352	ENSG00000197728	-0.211884122625014	C/G	Hospitalised	cMono	64
chr12	56041351	56041352	ENSG00000197728	0.828286837298104	C/G	Hospitalised	cMono	65
chr12	56041351	56041352	ENSG00000197728	-0.239289979091464	C/G	Hospitalised	cMono	66
chr12	56041351	56041352	ENSG00000197728	0.192109667100614	C/G	Hospitalised	cMono	67
chr12	56041351	56041352	ENSG00000197728	-2.19500249930444	G/G	Hospitalised	cMono	68
chr12	56041351	56041352	ENSG00000197728	-0.0353774845942004	C/G	Hospitalised	cMono	69
chr12	56041351	56041352	ENSG00000197728	1.37978140422009	C/C	Hospitalised	cMono	70
chr12	56041351	56041352	ENSG00000197728	-0.789487411613956	G/G	Hospitalised	cMono	71
chr12	56041351	56041352	ENSG00000197728	1.60247234456563	C/C	Hospitalised	cMono	72
chr12	56041351	56041352	ENSG00000197728	-0.689217361149118	G/G	Hospitalised	cMono	73
chr12	56041351	56041352	ENSG00000197728	-1.20326271859531	G/G	Hospitalised	cMono	74
chr12	56041351	56041352	ENSG00000197728	1.15267969799456	C/C	Hospitalised	cMono	75
chr12	56041351	56041352	ENSG00000197728	-0.507617818293445	G/G	Hospitalised	cMono	76
chr12	56041351	56041352	ENSG00000197728	-0.823856468120104	G/G	Hospitalised	cMono	77
chr12	56041351	56041352	ENSG00000197728	-0.423989558137755	C/G	Hospitalised	cMono	78
chr12	56041351	56041352	ENSG00000197728	1.44606908701048	C/C	Hospitalised	cMono	79
chr12	56041351	56041352	ENSG00000197728	-0.0600643270410762	C/G	Hospitalised	cMono	80
chr12	56041351	56041352	ENSG00000197728	1.26041469989547	C/C	Hospitalised	cMono	81
chr12	56041351	56041352	ENSG00000197728	-1.703899118719	G/G	Hospitalised	cMono	82
chr12	56041351	56041352	ENSG00000197728	-1.44584104151456	G/G	Hospitalised	cMono	83
chr12	56041351	56041352	ENSG00000197728	0.166498075458097	C/G	Hospitalised	cMono	84
chr12	56041351	56041352	ENSG00000197728	-0.755404495184761	G/G	Hospitalised	cMono	85
chr12	56041351	56041352	ENSG00000197728	-1.37710199157737	G/G	Hospitalised	cMono	86
chr12	56041351	56041352	ENSG00000197728	0.401270481049363	C/G	Hospitalised	cMono	87
chr12	56041351	56041352	ENSG00000197728	0.60063609678406	C/G	Hospitalised	cMono	88
chr12	56041351	56041352	ENSG00000197728	-1.06056676227396	G/G	Hospitalised	cMono	89
chr12	56041351	56041352	ENSG00000197728	0.541683186339773	C/C	Hospitalised	cMono	90
chr12	56041351	56041352	ENSG00000197728	1.95300802677759	C/C	Hospitalised	cMono	91
chr12	56041351	56041352	ENSG00000197728	0.321275344416039	C/G	Hospitalised	cMono	92
chr12	56041351	56041352	ENSG00000197728	0.631129039198228	C/G	Hospitalised	cMono	93
chr12	56041351	56041352	ENSG00000197728	1.51813283587485	C/C	Hospitalised	cMono	94
chr12	56041351	56041352	ENSG00000197728	0.29537731468966	C/C	Hospitalised	cMono	95
chr12	56041351	56041352	ENSG00000197728	0.977296068239242	C/C	Hospitalised	cMono	96
chr12	56041351	56041352	ENSG00000197728	-0.369967579055015	C/G	Hospitalised	cMono	97
chr12	56041351	56041352	ENSG00000197728	0.0404805982034746	C/G	Hospitalised	cMono	98
chr12	56041351	56041352	ENSG00000197728	-0.109793362746408	C/G	Hospitalised	cMono	99
chr12	56041351	56041352	ENSG00000197728	-0.975887463187049	G/G	Hospitalised	cMono	100
chr12	56041351	56041352	ENSG00000197728	-1.33185787499997	G/G	Non-hospitalised	NK	1
chr12	56041351	56041352	ENSG00000197728	0.67528037049748	C/G	Non-hospitalised	NK	2
chr12	56041351	56041352	ENSG00000197728	0.467371533959345	C/G	Non-hospitalised	NK	3
chr12	56041351	56041352	ENSG00000197728	-1.26384854395382	G/G	Non-hospitalised	NK	4
chr12	56041351	56041352	ENSG00000197728	0.731910525016885	C/G	Non-hospitalised	NK	5
chr12	56041351	56041352	ENSG00000197728	-0.606628007327799	G/G	Non-hospitalised	NK	6
chr12	56041351	56041352	ENSG00000197728	0.235968327007915	C/G	Non-hospitalised	NK	7
chr12	56041351	56041352	ENSG00000197728	0.373159654526162	C/G	Non-hospitalised	NK	8
chr12	56041351	56041352	ENSG00000197728	-0.842193740023981	G/G	Non-hospitalised	NK	9
chr12	56041351	56041352	ENSG00000197728	0.890318925365236	C/G	Non-hospitalised	NK	10
chr12	56041351	56041352	ENSG00000197728	0.647349866006796	C/G	Non-hospitalised	NK	11
chr12	56041351	56041352	ENSG00000197728	-0.305775428775338	C/G	Non-hospitalised	NK	12
chr12	56041351	56041352	ENSG00000197728	1.59181097730956	C/C	Non-hospitalised	NK	13
chr12	56041351	56041352	ENSG00000197728	-1.9989801269878	G/G	Non-hospitalised	NK	14
chr12	56041351	56041352	ENSG00000197728	-3.1181095399363	G/G	Non-hospitalised	NK	15
chr12	56041351	56041352	ENSG00000197728	1.99618356008625	C/C	Non-hospitalised	NK	16
chr12	56041351	56041352	ENSG00000197728	0.443509516139117	C/G	Non-hospitalised	NK	17
chr12	56041351	56041352	ENSG00000197728	2.33292626022513	C/C	Non-hospitalised	NK	18
chr12	56041351	56041352	ENSG00000197728	-0.0581171728302551	C/G	Non-hospitalised	NK	19
chr12	56041351	56041352	ENSG00000197728	-2.52251899691658	G/G	Hospitalised	NK	20
chr12	56041351	56041352	ENSG00000197728	-1.59051396193917	G/G	Hospitalised	NK	21
chr12	56041351	56041352	ENSG00000197728	0.258767277883855	C/G	Hospitalised	NK	22
chr12	56041351	56041352	ENSG00000197728	0.0335024813462749	C/G	Hospitalised	NK	23
chr12	56041351	56041352	ENSG00000197728	0.619721316322777	C/G	Hospitalised	NK	24
chr12	56041351	56041352	ENSG00000197728	0.856857112452416	C/G	Hospitalised	NK	25
chr12	56041351	56041352	ENSG00000197728	0.566851878903604	C/G	Hospitalised	NK	26
chr12	56041351	56041352	ENSG00000197728	0.961652758987115	C/G	Hospitalised	NK	27
chr12	56041351	56041352	ENSG00000197728	-0.979721757878867	G/G	Hospitalised	NK	28
chr12	56041351	56041352	ENSG00000197728	0.592620983709424	C/G	Hospitalised	NK	29
chr12	56041351	56041352	ENSG00000197728	-1.49228932279041	G/G	Hospitalised	NK	30
chr12	56041351	56041352	ENSG00000197728	-0.0349491465422854	C/G	Hospitalised	NK	31
chr12	56041351	56041352	ENSG00000197728	0.191118799186911	C/G	Hospitalised	NK	32
chr12	56041351	56041352	ENSG00000197728	-2.2101321087496	G/G	Hospitalised	NK	33
chr12	56041351	56041352	ENSG00000197728	-0.332538115466309	C/G	Hospitalised	NK	34
chr12	56041351	56041352	ENSG00000197728	1.36852706865897	C/C	Hospitalised	NK	35
chr12	56041351	56041352	ENSG00000197728	0.0107159095698805	C/G	Hospitalised	NK	36
chr12	56041351	56041352	ENSG00000197728	-0.179315205803574	C/G	Hospitalised	NK	37
chr12	56041351	56041352	ENSG00000197728	0.349754568109641	C/G	Hospitalised	NK	38
chr12	56041351	56041352	ENSG00000197728	-0.680132537219886	G/G	Hospitalised	NK	39
chr12	56041351	56041352	ENSG00000197728	1.08581349756032	C/C	Hospitalised	NK	40
chr12	56041351	56041352	ENSG00000197728	-0.445091678303455	G/G	Hospitalised	NK	41
chr12	56041351	56041352	ENSG00000197728	0.419822200632458	C/G	Hospitalised	NK	42
chr12	56041351	56041352	ENSG00000197728	0.304734973239615	C/G	Hospitalised	NK	43
chr12	56041351	56041352	ENSG00000197728	-0.228891706457523	C/G	Hospitalised	NK	44
chr12	56041351	56041352	ENSG00000197728	0.168423839835005	C/G	Hospitalised	NK	45
chr12	56041351	56041352	ENSG00000197728	-1.0848102303689	G/G	Hospitalised	NK	46
chr12	56041351	56041352	ENSG00000197728	-0.254037401323239	C/G	Hospitalised	NK	47
chr12	56041351	56041352	ENSG00000197728	-0.386986342439472	G/G	Hospitalised	NK	48
chr12	56041351	56041352	ENSG00000197728	-0.719301583877768	G/G	Hospitalised	NK	49
chr12	56041351	56041352	ENSG00000197728	0.0790214611696208	C/G	Hospitalised	NK	50
chr12	56041351	56041352	ENSG00000197728	-0.474871128956295	G/G	Hospitalised	NK	51
chr12	56041351	56041352	ENSG00000197728	0.0560412523214127	C/G	Hospitalised	NK	52
chr12	56041351	56041352	ENSG00000197728	-1.0301440790908	G/G	Hospitalised	NK	53
chr12	56041351	56041352	ENSG00000197728	0.824098061566946	C/C	Hospitalised	NK	54
chr12	56041351	56041352	ENSG00000197728	0.123677976906212	C/G	Hospitalised	NK	55
chr12	56041351	56041352	ENSG00000197728	0.79215094366152	C/C	Hospitalised	NK	56
chr12	56041351	56041352	ENSG00000197728	1.30677119527422	C/C	Hospitalised	NK	57
chr12	56041351	56041352	ENSG00000197728	-1.14092052410495	G/G	Hospitalised	NK	58
chr12	56041351	56041352	ENSG00000197728	-0.505588284497057	G/G	Hospitalised	NK	59
chr12	56041351	56041352	ENSG00000197728	1.04087598625613	C/C	Hospitalised	NK	60
chr12	56041351	56041352	ENSG00000197728	-0.128541761218378	C/G	Hospitalised	NK	61
chr12	56041351	56041352	ENSG00000197728	0.281473640733919	C/G	Hospitalised	NK	62
chr12	56041351	56041352	ENSG00000197728	-0.359393691715059	C/G	Hospitalised	NK	63
chr12	56041351	56041352	ENSG00000197728	0.213274221144982	C/G	Hospitalised	NK	64
chr12	56041351	56041352	ENSG00000197728	0.703423847021019	C/G	Hospitalised	NK	65
chr12	56041351	56041352	ENSG00000197728	-0.0814582003127551	C/G	Hospitalised	NK	66
chr12	56041351	56041352	ENSG00000197728	-0.1547418806224	C/G	Hospitalised	NK	67
chr12	56041351	56041352	ENSG00000197728	-0.799688006584102	G/G	Hospitalised	NK	68
chr12	56041351	56041352	ENSG00000197728	0.101100704638735	C/G	Hospitalised	NK	69
chr12	56041351	56041352	ENSG00000197728	1.43433730873752	C/C	Hospitalised	NK	70
chr12	56041351	56041352	ENSG00000197728	-0.643077902797058	G/G	Hospitalised	NK	71
chr12	56041351	56041352	ENSG00000197728	1.13433311621032	C/C	Hospitalised	NK	72
chr12	56041351	56041352	ENSG00000197728	-0.537973062423187	G/G	Hospitalised	NK	73
chr12	56041351	56041352	ENSG00000197728	-1.20074502346185	G/G	Hospitalised	NK	74
chr12	56041351	56041352	ENSG00000197728	1.1938249325791	C/C	Hospitalised	NK	75
chr12	56041351	56041352	ENSG00000197728	-0.571158670968549	G/G	Hospitalised	NK	76
chr12	56041351	56041352	ENSG00000197728	-0.415385812368561	G/G	Hospitalised	NK	77
chr12	56041351	56041352	ENSG00000197728	-0.279734667203846	C/G	Hospitalised	NK	78
chr12	56041351	56041352	ENSG00000197728	1.24912520021392	C/C	Hospitalised	NK	79
chr12	56041351	56041352	ENSG00000197728	-0.203917972019409	C/G	Hospitalised	NK	80
chr12	56041351	56041352	ENSG00000197728	1.81725308876322	C/C	Hospitalised	NK	81
chr12	56041351	56041352	ENSG00000197728	-1.83378177276059	G/G	Hospitalised	NK	82
chr12	56041351	56041352	ENSG00000197728	-0.758782434147534	G/G	Hospitalised	NK	83
chr12	56041351	56041352	ENSG00000197728	0.541450955381257	C/G	Hospitalised	NK	84
chr12	56041351	56041352	ENSG00000197728	-1.70081264227483	G/G	Hospitalised	NK	85
chr12	56041351	56041352	ENSG00000197728	-0.930848255489953	G/G	Hospitalised	NK	86
chr12	56041351	56041352	ENSG00000197728	0.491604772363662	C/G	Hospitalised	NK	87
chr12	56041351	56041352	ENSG00000197728	0.516351198471988	C/G	Hospitalised	NK	88
chr12	56041351	56041352	ENSG00000197728	-0.885603961462898	G/G	Hospitalised	NK	89
chr12	56041351	56041352	ENSG00000197728	1.69073699088857	C/C	Hospitalised	NK	90
chr12	56041351	56041352	ENSG00000197728	0.999709459959217	C/C	Hospitalised	NK	91
chr12	56041351	56041352	ENSG00000197728	0.14603802483945	C/G	Hospitalised	NK	92
chr12	56041351	56041352	ENSG00000197728	0.327044127459154	C/G	Hospitalised	NK	93
chr12	56041351	56041352	ENSG00000197728	1.50838823615719	C/C	Hospitalised	NK	94
chr12	56041351	56041352	ENSG00000197728	0.924706810328852	C/C	Hospitalised	NK	95
chr12	56041351	56041352	ENSG00000197728	0.761738612194717	C/C	Hospitalised	NK	96
chr12	56041351	56041352	ENSG00000197728	-0.105049124599438	C/G	Hospitalised	NK	97
chr12	56041351	56041352	ENSG00000197728	-0.0118549246573008	C/G	Hospitalised	NK	98
chr12	56041351	56041352	ENSG00000197728	0.396133524191909	C/G	Hospitalised	NK	99
chr12	56041351	56041352	ENSG00000197728	-1.40854551732374	G/G	Hospitalised	NK	100
