#chr	start	end	phenotype_id	Zscore	genotype_label	inf_source	gene	cell_type	facet_title
chr12	56041351	56041352	ENSG00000197728	-1.38508015772525	G/G	1	RPS26	CD8	RPS26 in CD8
chr12	56041351	56041352	ENSG00000197728	0.947648240151061	C/G	1	RPS26	CD8	RPS26 in CD8
chr12	56041351	56041352	ENSG00000197728	0.427776019757142	C/G	1	RPS26	CD8	RPS26 in CD8
chr12	56041351	56041352	ENSG00000197728	-1.64261350707435	G/G	1	RPS26	CD8	RPS26 in CD8
chr12	56041351	56041352	ENSG00000197728	0.768754663142111	C/G	1	RPS26	CD8	RPS26 in CD8
chr12	56041351	56041352	ENSG00000197728	-1.13893801382472	G/G	1	RPS26	CD8	RPS26 in CD8
chr12	56041351	56041352	ENSG00000197728	-0.212097720713205	C/G	1	RPS26	CD8	RPS26 in CD8
chr12	56041351	56041352	ENSG00000197728	0.326719553197995	C/G	1	RPS26	CD8	RPS26 in CD8
chr12	56041351	56041352	ENSG00000197728	-0.992188645653588	G/G	1	RPS26	CD8	RPS26 in CD8
chr12	56041351	56041352	ENSG00000197728	0.705333705484041	C/G	1	RPS26	CD8	RPS26 in CD8
chr12	56041351	56041352	ENSG00000197728	0.252477492962839	C/G	1	RPS26	CD8	RPS26 in CD8
chr12	56041351	56041352	ENSG00000197728	-1.89390511680494	G/G	0	RPS26	CD8	RPS26 in CD8
chr12	56041351	56041352	ENSG00000197728	-2.78184511214735	G/G	0	RPS26	CD8	RPS26 in CD8
chr12	56041351	56041352	ENSG00000197728	0.453683180095862	C/G	0	RPS26	CD8	RPS26 in CD8
chr12	56041351	56041352	ENSG00000197728	-0.422175413882598	C/G	0	RPS26	CD8	RPS26 in CD8
chr12	56041351	56041352	ENSG00000197728	0.6450570883386	C/G	0	RPS26	CD8	RPS26 in CD8
chr12	56041351	56041352	ENSG00000197728	0.90891514205874	C/G	0	RPS26	CD8	RPS26 in CD8
chr12	56041351	56041352	ENSG00000197728	0.872137203673413	C/G	0	RPS26	CD8	RPS26 in CD8
chr12	56041351	56041352	ENSG00000197728	0.802223077015036	C/G	0	RPS26	CD8	RPS26 in CD8
chr12	56041351	56041352	ENSG00000197728	-1.08673445897228	G/G	0	RPS26	CD8	RPS26 in CD8
chr12	56041351	56041352	ENSG00000197728	0.674595787883365	C/G	0	RPS26	CD8	RPS26 in CD8
chr12	56041351	56041352	ENSG00000197728	-1.75666452458431	G/G	0	RPS26	CD8	RPS26 in CD8
chr12	56041351	56041352	ENSG00000197728	0.587525961514801	C/G	0	RPS26	CD8	RPS26 in CD8
chr12	56041351	56041352	ENSG00000197728	-0.0369694563156685	C/G	0	RPS26	CD8	RPS26 in CD8
chr12	56041351	56041352	ENSG00000197728	-2.06458144149942	G/G	0	RPS26	CD8	RPS26 in CD8
chr12	56041351	56041352	ENSG00000197728	0.179497891304127	C/G	0	RPS26	CD8	RPS26 in CD8
chr12	56041351	56041352	ENSG00000197728	1.12533948109066	C/C	0	RPS26	CD8	RPS26 in CD8
chr12	56041351	56041352	ENSG00000197728	0.20334087637203	C/G	0	RPS26	CD8	RPS26 in CD8
chr12	56041351	56041352	ENSG00000197728	-0.0124851998622181	C/G	0	RPS26	CD8	RPS26 in CD8
chr12	56041351	56041352	ENSG00000197728	-0.263299721276149	C/G	0	RPS26	CD8	RPS26 in CD8
chr12	56041351	56041352	ENSG00000197728	-0.907748053653493	G/G	1	RPS26	CD8	RPS26 in CD8
chr12	56041351	56041352	ENSG00000197728	2.1121328822106	C/C	1	RPS26	CD8	RPS26 in CD8
chr12	56041351	56041352	ENSG00000197728	-1.4608972795561	G/G	1	RPS26	CD8	RPS26 in CD8
chr12	56041351	56041352	ENSG00000197728	0.376809558488119	C/G	1	RPS26	CD8	RPS26 in CD8
chr12	56041351	56041352	ENSG00000197728	0.559372679810352	C/G	1	RPS26	CD8	RPS26 in CD8
chr12	56041351	56041352	ENSG00000197728	-0.237754630945268	C/G	1	RPS26	CD8	RPS26 in CD8
chr12	56041351	56041352	ENSG00000197728	0.27730616575061	C/G	1	RPS26	CD8	RPS26 in CD8
chr12	56041351	56041352	ENSG00000197728	-0.505849467116752	G/G	1	RPS26	CD8	RPS26 in CD8
chr12	56041351	56041352	ENSG00000197728	0.0841655284915436	C/G	1	RPS26	CD8	RPS26 in CD8
chr12	56041351	56041352	ENSG00000197728	-0.723234065683861	G/G	1	RPS26	CD8	RPS26 in CD8
chr12	56041351	56041352	ENSG00000197728	-0.565042201921116	G/G	1	RPS26	CD8	RPS26 in CD8
chr12	56041351	56041352	ENSG00000197728	0.13220209039782	C/G	1	RPS26	CD8	RPS26 in CD8
chr12	56041351	56041352	ENSG00000197728	-0.689957975640018	G/G	1	RPS26	CD8	RPS26 in CD8
chr12	56041351	56041352	ENSG00000197728	0.0114360958841778	C/G	1	RPS26	CD8	RPS26 in CD8
chr12	56041351	56041352	ENSG00000197728	-0.535253911624944	G/G	1	RPS26	CD8	RPS26 in CD8
chr12	56041351	56041352	ENSG00000197728	1.93663588935061	C/C	1	RPS26	CD8	RPS26 in CD8
chr12	56041351	56041352	ENSG00000197728	-0.288842759814242	C/G	1	RPS26	CD8	RPS26 in CD8
chr12	56041351	56041352	ENSG00000197728	0.988307178061353	C/C	1	RPS26	CD8	RPS26 in CD8
chr12	56041351	56041352	ENSG00000197728	0.836445792794538	C/C	1	RPS26	CD8	RPS26 in CD8
chr12	56041351	56041352	ENSG00000197728	-0.830198002148685	G/G	1	RPS26	CD8	RPS26 in CD8
chr12	56041351	56041352	ENSG00000197728	-0.477411577479228	G/G	1	RPS26	CD8	RPS26 in CD8
chr12	56041351	56041352	ENSG00000197728	0.736580485082496	C/C	1	RPS26	CD8	RPS26 in CD8
chr12	56041351	56041352	ENSG00000197728	-0.31430626201906	C/G	1	RPS26	CD8	RPS26 in CD8
chr12	56041351	56041352	ENSG00000197728	0.351486293782226	C/G	1	RPS26	CD8	RPS26 in CD8
chr12	56041351	56041352	ENSG00000197728	-0.109640238815879	C/G	1	RPS26	CD8	RPS26 in CD8
chr12	56041351	56041352	ENSG00000197728	0.302136991035982	C/G	1	RPS26	CD8	RPS26 in CD8
chr12	56041351	56041352	ENSG00000197728	0.532444957541784	C/G	1	RPS26	CD8	RPS26 in CD8
chr12	56041351	56041352	ENSG00000197728	0.402081361630587	C/G	1	RPS26	CD8	RPS26 in CD8
chr12	56041351	56041352	ENSG00000197728	-0.183779818161539	C/G	1	RPS26	CD8	RPS26 in CD8
chr12	56041351	56041352	ENSG00000197728	-1.03773589147822	G/G	1	RPS26	CD8	RPS26 in CD8
chr12	56041351	56041352	ENSG00000197728	-0.394763902874216	C/G	1	RPS26	CD8	RPS26 in CD8
chr12	56041351	56041352	ENSG00000197728	1.03052430402204	C/C	1	RPS26	CD8	RPS26 in CD8
chr12	56041351	56041352	ENSG00000197728	-0.757940589292262	G/G	1	RPS26	CD8	RPS26 in CD8
chr12	56041351	56041352	ENSG00000197728	1.30792378032247	C/C	1	RPS26	CD8	RPS26 in CD8
chr12	56041351	56041352	ENSG00000197728	-1.31744357068171	G/G	1	RPS26	CD8	RPS26 in CD8
chr12	56041351	56041352	ENSG00000197728	-0.626234073532351	G/G	1	RPS26	CD8	RPS26 in CD8
chr12	56041351	56041352	ENSG00000197728	1.69676020142377	C/C	1	RPS26	CD8	RPS26 in CD8
chr12	56041351	56041352	ENSG00000197728	-0.449649646044631	G/G	1	RPS26	CD8	RPS26 in CD8
chr12	56041351	56041352	ENSG00000197728	-0.868308462458252	G/G	1	RPS26	CD8	RPS26 in CD8
chr12	56041351	56041352	ENSG00000197728	0.035547007256483	C/G	1	RPS26	CD8	RPS26 in CD8
chr12	56041351	56041352	ENSG00000197728	1.51915020830263	C/C	1	RPS26	CD8	RPS26 in CD8
chr12	56041351	56041352	ENSG00000197728	-0.340639723138862	C/G	1	RPS26	CD8	RPS26 in CD8
chr12	56041351	56041352	ENSG00000197728	1.24620470821256	C/C	1	RPS26	CD8	RPS26 in CD8
chr12	56041351	56041352	ENSG00000197728	-1.19428089205626	G/G	1	RPS26	CD8	RPS26 in CD8
chr12	56041351	56041352	ENSG00000197728	-0.657696281513854	G/G	1	RPS26	CD8	RPS26 in CD8
chr12	56041351	56041352	ENSG00000197728	0.61572069476856	C/G	1	RPS26	CD8	RPS26 in CD8
chr12	56041351	56041352	ENSG00000197728	-1.25299736376718	G/G	1	RPS26	CD8	RPS26 in CD8
chr12	56041351	56041352	ENSG00000197728	-0.595280496740382	G/G	1	RPS26	CD8	RPS26 in CD8
chr12	56041351	56041352	ENSG00000197728	-0.085435929337435	C/G	1	RPS26	CD8	RPS26 in CD8
chr12	56041351	56041352	ENSG00000197728	0.505476854608633	C/G	1	RPS26	CD8	RPS26 in CD8
chr12	56041351	56041352	ENSG00000197728	-0.949052410869253	G/G	1	RPS26	CD8	RPS26 in CD8
chr12	56041351	56041352	ENSG00000197728	1.37310205512236	C/C	1	RPS26	CD8	RPS26 in CD8
chr12	56041351	56041352	ENSG00000197728	1.17919120121519	C/C	1	RPS26	CD8	RPS26 in CD8
chr12	56041351	56041352	ENSG00000197728	-0.367497858941265	C/G	1	RPS26	CD8	RPS26 in CD8
chr12	56041351	56041352	ENSG00000197728	0.156019476666145	C/G	1	RPS26	CD8	RPS26 in CD8
chr12	56041351	56041352	ENSG00000197728	1.80423950760506	C/C	1	RPS26	CD8	RPS26 in CD8
chr12	56041351	56041352	ENSG00000197728	1.07577886506743	C/C	1	RPS26	CD8	RPS26 in CD8
chr12	56041351	56041352	ENSG00000197728	-0.0612045240484747	C/C	1	RPS26	CD8	RPS26 in CD8
chr12	56041351	56041352	ENSG00000197728	0.228092691039134	C/G	1	RPS26	CD8	RPS26 in CD8
chr12	56041351	56041352	ENSG00000197728	-0.158244332993589	C/G	1	RPS26	CD8	RPS26 in CD8
chr12	56041351	56041352	ENSG00000197728	-0.133920864623822	C/G	1	RPS26	CD8	RPS26 in CD8
chr12	56041351	56041352	ENSG00000197728	-0.7938342311148	G/G	1	RPS26	CD8	RPS26 in CD8
chr15	58588809	58588810	ENSG00000137845	-0.203580351606042	C/C	1	ADAM10	CD4	ADAM10 in CD4
chr15	58588809	58588810	ENSG00000137845	-1.41146441353425	C/C	1	ADAM10	CD4	ADAM10 in CD4
chr15	58588809	58588810	ENSG00000137845	-0.283905771650686	C/C	1	ADAM10	CD4	ADAM10 in CD4
chr15	58588809	58588810	ENSG00000137845	-1.34792349905441	C/C	1	ADAM10	CD4	ADAM10 in CD4
chr15	58588809	58588810	ENSG00000137845	-0.932690193733657	C/C	1	ADAM10	CD4	ADAM10 in CD4
chr15	58588809	58588810	ENSG00000137845	-0.00666551857944586	C/C	1	ADAM10	CD4	ADAM10 in CD4
chr15	58588809	58588810	ENSG00000137845	1.04576675497096	C/T	1	ADAM10	CD4	ADAM10 in CD4
chr15	58588809	58588810	ENSG00000137845	0.802747768663798	C/C	1	ADAM10	CD4	ADAM10 in CD4
chr15	58588809	58588810	ENSG00000137845	-1.13886767015336	C/C	1	ADAM10	CD4	ADAM10 in CD4
chr15	58588809	58588810	ENSG00000137845	-1.0945405903496	C/C	1	ADAM10	CD4	ADAM10 in CD4
chr15	58588809	58588810	ENSG00000137845	0.839905893038999	C/T	1	ADAM10	CD4	ADAM10 in CD4
chr15	58588809	58588810	ENSG00000137845	0.730639331926883	C/T	0	ADAM10	CD4	ADAM10 in CD4
chr15	58588809	58588810	ENSG00000137845	0.482919533769067	C/C	0	ADAM10	CD4	ADAM10 in CD4
chr15	58588809	58588810	ENSG00000137845	-0.825561488397975	C/C	0	ADAM10	CD4	ADAM10 in CD4
chr15	58588809	58588810	ENSG00000137845	1.59206832639334	C/C	0	ADAM10	CD4	ADAM10 in CD4
chr15	58588809	58588810	ENSG00000137845	-2.11302035099502	C/C	0	ADAM10	CD4	ADAM10 in CD4
chr15	58588809	58588810	ENSG00000137845	-2.51516023635632	C/C	0	ADAM10	CD4	ADAM10 in CD4
chr15	58588809	58588810	ENSG00000137845	-1.6516639203103	C/C	0	ADAM10	CD4	ADAM10 in CD4
chr15	58588809	58588810	ENSG00000137845	-1.28997360546213	C/C	0	ADAM10	CD4	ADAM10 in CD4
chr15	58588809	58588810	ENSG00000137845	0.765792857500803	C/C	0	ADAM10	CD4	ADAM10 in CD4
chr15	58588809	58588810	ENSG00000137845	0.511506300616833	C/C	0	ADAM10	CD4	ADAM10 in CD4
chr15	58588809	58588810	ENSG00000137845	-0.10512971402349	C/C	0	ADAM10	CD4	ADAM10 in CD4
chr15	58588809	58588810	ENSG00000137845	-0.792484975286665	C/C	0	ADAM10	CD4	ADAM10 in CD4
chr15	58588809	58588810	ENSG00000137845	-0.493440081975639	C/C	0	ADAM10	CD4	ADAM10 in CD4
chr15	58588809	58588810	ENSG00000137845	-0.895925694425747	C/T	0	ADAM10	CD4	ADAM10 in CD4
chr15	58588809	58588810	ENSG00000137845	0.6323329746976	C/C	0	ADAM10	CD4	ADAM10 in CD4
chr15	58588809	58588810	ENSG00000137845	-0.386233609579129	C/C	0	ADAM10	CD4	ADAM10 in CD4
chr15	58588809	58588810	ENSG00000137845	1.29793089305658	C/C	0	ADAM10	CD4	ADAM10 in CD4
chr15	58588809	58588810	ENSG00000137845	0.40018407157918	T/T	0	ADAM10	CD4	ADAM10 in CD4
chr15	58588809	58588810	ENSG00000137845	0.345990281117906	C/C	0	ADAM10	CD4	ADAM10 in CD4
chr15	58588809	58588810	ENSG00000137845	1.77506266966285	C/T	1	ADAM10	CD4	ADAM10 in CD4
chr15	58588809	58588810	ENSG00000137845	-0.154553830568245	C/C	1	ADAM10	CD4	ADAM10 in CD4
chr15	58588809	58588810	ENSG00000137845	-1.23589509725466	C/C	1	ADAM10	CD4	ADAM10 in CD4
chr15	58588809	58588810	ENSG00000137845	-0.727509602878453	C/C	1	ADAM10	CD4	ADAM10 in CD4
chr15	58588809	58588810	ENSG00000137845	2.61107103137211	C/T	1	ADAM10	CD4	ADAM10 in CD4
chr15	58588809	58588810	ENSG00000137845	0.192620832111569	C/C	1	ADAM10	CD4	ADAM10 in CD4
chr15	58588809	58588810	ENSG00000137845	0.697418638666897	C/C	1	ADAM10	CD4	ADAM10 in CD4
chr15	58588809	58588810	ENSG00000137845	-0.412479691719654	C/C	1	ADAM10	CD4	ADAM10 in CD4
chr15	58588809	58588810	ENSG00000137845	2.03130862328399	C/C	1	ADAM10	CD4	ADAM10 in CD4
chr15	58588809	58588810	ENSG00000137845	-1.00995818634741	C/C	1	ADAM10	CD4	ADAM10 in CD4
chr15	58588809	58588810	ENSG00000137845	-1.48114533191375	C/C	1	ADAM10	CD4	ADAM10 in CD4
chr15	58588809	58588810	ENSG00000137845	0.570397547280699	C/T	1	ADAM10	CD4	ADAM10 in CD4
chr15	58588809	58588810	ENSG00000137845	-1.05156573403616	C/C	1	ADAM10	CD4	ADAM10 in CD4
chr15	58588809	58588810	ENSG00000137845	0.0930432836704912	C/C	1	ADAM10	CD4	ADAM10 in CD4
chr15	58588809	58588810	ENSG00000137845	-0.334844195939845	C/C	1	ADAM10	CD4	ADAM10 in CD4
chr15	58588809	58588810	ENSG00000137845	-0.970816447089745	C/C	1	ADAM10	CD4	ADAM10 in CD4
chr15	58588809	58588810	ENSG00000137845	0.217840517118775	C/C	1	ADAM10	CD4	ADAM10 in CD4
chr15	58588809	58588810	ENSG00000137845	0.319547861495944	C/C	1	ADAM10	CD4	ADAM10 in CD4
chr15	58588809	58588810	ENSG00000137845	-0.860550032455456	C/C	1	ADAM10	CD4	ADAM10 in CD4
chr15	58588809	58588810	ENSG00000137845	1.88896320417338	C/T	1	ADAM10	CD4	ADAM10 in CD4
chr15	58588809	58588810	ENSG00000137845	-0.577565384663071	C/C	1	ADAM10	CD4	ADAM10 in CD4
chr15	58588809	58588810	ENSG00000137845	1.44059398872616	C/C	1	ADAM10	CD4	ADAM10 in CD4
chr15	58588809	58588810	ENSG00000137845	0.373011824265241	C/C	1	ADAM10	CD4	ADAM10 in CD4
chr15	58588809	58588810	ENSG00000137845	1.0931104488743	C/C	1	ADAM10	CD4	ADAM10 in CD4
chr15	58588809	58588810	ENSG00000137845	-0.0805744901280732	C/C	1	ADAM10	CD4	ADAM10 in CD4
chr15	58588809	58588810	ENSG00000137845	-0.521179922426381	C/C	1	ADAM10	CD4	ADAM10 in CD4
chr15	58588809	58588810	ENSG00000137845	-1.76337212352736	C/C	1	ADAM10	CD4	ADAM10 in CD4
chr15	58588809	58588810	ENSG00000137845	0.043568756338838	C/C	1	ADAM10	CD4	ADAM10 in CD4
chr15	58588809	58588810	ENSG00000137845	0.916745184942602	C/C	1	ADAM10	CD4	ADAM10 in CD4
chr15	58588809	58588810	ENSG00000137845	1.51444213460747	C/C	1	ADAM10	CD4	ADAM10 in CD4
chr15	58588809	58588810	ENSG00000137845	-0.031099861090346	C/C	1	ADAM10	CD4	ADAM10 in CD4
chr15	58588809	58588810	ENSG00000137845	0.268398067335362	C/C	1	ADAM10	CD4	ADAM10 in CD4
chr15	58588809	58588810	ENSG00000137845	0.243237279367426	C/C	1	ADAM10	CD4	ADAM10 in CD4
chr15	58588809	58588810	ENSG00000137845	0.427314933973879	C/C	1	ADAM10	CD4	ADAM10 in CD4
chr15	58588809	58588810	ENSG00000137845	-0.439104856948921	C/T	1	ADAM10	CD4	ADAM10 in CD4
chr15	58588809	58588810	ENSG00000137845	0.294017067034868	C/C	1	ADAM10	CD4	ADAM10 in CD4
chr15	58588809	58588810	ENSG00000137845	1.20403200576349	C/T	1	ADAM10	CD4	ADAM10 in CD4
chr15	58588809	58588810	ENSG00000137845	-0.696169573234309	C/C	1	ADAM10	CD4	ADAM10 in CD4
chr15	58588809	58588810	ENSG00000137845	-0.0558059305376599	C/C	1	ADAM10	CD4	ADAM10 in CD4
chr15	58588809	58588810	ENSG00000137845	1.0001483384934	C/C	1	ADAM10	CD4	ADAM10 in CD4
chr15	58588809	58588810	ENSG00000137845	-0.606828501360571	C/C	1	ADAM10	CD4	ADAM10 in CD4
chr15	58588809	58588810	ENSG00000137845	0.664189127208822	C/C	1	ADAM10	CD4	ADAM10 in CD4
chr15	58588809	58588810	ENSG00000137845	-0.360211757906189	C/C	1	ADAM10	CD4	ADAM10 in CD4
chr15	58588809	58588810	ENSG00000137845	1.67793986400529	C/C	1	ADAM10	CD4	ADAM10 in CD4
chr15	58588809	58588810	ENSG00000137845	-0.129779780021413	C/C	1	ADAM10	CD4	ADAM10 in CD4
chr15	58588809	58588810	ENSG00000137845	-0.258366787138654	C/C	1	ADAM10	CD4	ADAM10 in CD4
chr15	58588809	58588810	ENSG00000137845	-0.228632060233835	C/C	1	ADAM10	CD4	ADAM10 in CD4
chr15	58588809	58588810	ENSG00000137845	0.455050538836283	C/C	1	ADAM10	CD4	ADAM10 in CD4
chr15	58588809	58588810	ENSG00000137845	2.22827018708751	T/T	1	ADAM10	CD4	ADAM10 in CD4
chr15	58588809	58588810	ENSG00000137845	-0.759689958753733	C/C	1	ADAM10	CD4	ADAM10 in CD4
chr15	58588809	58588810	ENSG00000137845	0.540615608358406	C/C	1	ADAM10	CD4	ADAM10 in CD4
chr15	58588809	58588810	ENSG00000137845	0.957418910301798	C/T	1	ADAM10	CD4	ADAM10 in CD4
chr15	58588809	58588810	ENSG00000137845	-0.549138112419121	C/C	1	ADAM10	CD4	ADAM10 in CD4
chr15	58588809	58588810	ENSG00000137845	0.0680723306075848	C/C	1	ADAM10	CD4	ADAM10 in CD4
chr15	58588809	58588810	ENSG00000137845	0.142299624877297	C/C	1	ADAM10	CD4	ADAM10 in CD4
chr15	58588809	58588810	ENSG00000137845	-1.90758138147516	C/C	1	ADAM10	CD4	ADAM10 in CD4
chr15	58588809	58588810	ENSG00000137845	0.601161752139906	C/C	1	ADAM10	CD4	ADAM10 in CD4
chr15	58588809	58588810	ENSG00000137845	0.018783300908469	C/C	1	ADAM10	CD4	ADAM10 in CD4
chr15	58588809	58588810	ENSG00000137845	0.877890265345131	C/C	1	ADAM10	CD4	ADAM10 in CD4
chr15	58588809	58588810	ENSG00000137845	0.167243822214596	C/C	1	ADAM10	CD4	ADAM10 in CD4
chr15	58588809	58588810	ENSG00000137845	0.117751113870477	C/C	1	ADAM10	CD4	ADAM10 in CD4
chr15	58588809	58588810	ENSG00000137845	1.14472023663427	C/C	1	ADAM10	CD4	ADAM10 in CD4
