#chr	start	end	phenotype_id	Zscore	genotype_label	inf_source	cell_type	random_sample_id
chr12	56041351	56041352	ENSG00000197728	-1.38508015772525	G/G	1	CD8	1
chr12	56041351	56041352	ENSG00000197728	0.947648240151061	C/G	1	CD8	2
chr12	56041351	56041352	ENSG00000197728	0.427776019757142	C/G	1	CD8	3
chr12	56041351	56041352	ENSG00000197728	-1.64261350707435	G/G	1	CD8	4
chr12	56041351	56041352	ENSG00000197728	0.768754663142111	C/G	1	CD8	5
chr12	56041351	56041352	ENSG00000197728	-1.13893801382472	G/G	1	CD8	6
chr12	56041351	56041352	ENSG00000197728	-0.212097720713205	C/G	1	CD8	7
chr12	56041351	56041352	ENSG00000197728	0.326719553197995	C/G	1	CD8	8
chr12	56041351	56041352	ENSG00000197728	-0.992188645653588	G/G	1	CD8	9
chr12	56041351	56041352	ENSG00000197728	0.705333705484041	C/G	1	CD8	10
chr12	56041351	56041352	ENSG00000197728	0.252477492962839	C/G	1	CD8	11
chr12	56041351	56041352	ENSG00000197728	-1.89390511680494	G/G	0	CD8	12
chr12	56041351	56041352	ENSG00000197728	-2.78184511214735	G/G	0	CD8	13
chr12	56041351	56041352	ENSG00000197728	0.453683180095862	C/G	0	CD8	14
chr12	56041351	56041352	ENSG00000197728	-0.422175413882598	C/G	0	CD8	15
chr12	56041351	56041352	ENSG00000197728	0.6450570883386	C/G	0	CD8	16
chr12	56041351	56041352	ENSG00000197728	0.90891514205874	C/G	0	CD8	17
chr12	56041351	56041352	ENSG00000197728	0.872137203673413	C/G	0	CD8	18
chr12	56041351	56041352	ENSG00000197728	0.802223077015036	C/G	0	CD8	19
chr12	56041351	56041352	ENSG00000197728	-1.08673445897228	G/G	0	CD8	20
chr12	56041351	56041352	ENSG00000197728	0.674595787883365	C/G	0	CD8	21
chr12	56041351	56041352	ENSG00000197728	-1.75666452458431	G/G	0	CD8	22
chr12	56041351	56041352	ENSG00000197728	0.587525961514801	C/G	0	CD8	23
chr12	56041351	56041352	ENSG00000197728	-0.0369694563156685	C/G	0	CD8	24
chr12	56041351	56041352	ENSG00000197728	-2.06458144149942	G/G	0	CD8	25
chr12	56041351	56041352	ENSG00000197728	0.179497891304127	C/G	0	CD8	26
chr12	56041351	56041352	ENSG00000197728	1.12533948109066	C/C	0	CD8	27
chr12	56041351	56041352	ENSG00000197728	0.20334087637203	C/G	0	CD8	28
chr12	56041351	56041352	ENSG00000197728	-0.0124851998622181	C/G	0	CD8	29
chr12	56041351	56041352	ENSG00000197728	-0.263299721276149	C/G	0	CD8	30
chr12	56041351	56041352	ENSG00000197728	-0.907748053653493	G/G	1	CD8	31
chr12	56041351	56041352	ENSG00000197728	2.1121328822106	C/C	1	CD8	32
chr12	56041351	56041352	ENSG00000197728	-1.4608972795561	G/G	1	CD8	33
chr12	56041351	56041352	ENSG00000197728	0.376809558488119	C/G	1	CD8	34
chr12	56041351	56041352	ENSG00000197728	0.559372679810352	C/G	1	CD8	35
chr12	56041351	56041352	ENSG00000197728	-0.237754630945268	C/G	1	CD8	36
chr12	56041351	56041352	ENSG00000197728	0.27730616575061	C/G	1	CD8	37
chr12	56041351	56041352	ENSG00000197728	-0.505849467116752	G/G	1	CD8	38
chr12	56041351	56041352	ENSG00000197728	0.0841655284915436	C/G	1	CD8	39
chr12	56041351	56041352	ENSG00000197728	-0.723234065683861	G/G	1	CD8	40
chr12	56041351	56041352	ENSG00000197728	-0.565042201921116	G/G	1	CD8	41
chr12	56041351	56041352	ENSG00000197728	0.13220209039782	C/G	1	CD8	42
chr12	56041351	56041352	ENSG00000197728	-0.689957975640018	G/G	1	CD8	43
chr12	56041351	56041352	ENSG00000197728	0.0114360958841778	C/G	1	CD8	44
chr12	56041351	56041352	ENSG00000197728	-0.535253911624944	G/G	1	CD8	45
chr12	56041351	56041352	ENSG00000197728	1.93663588935061	C/C	1	CD8	46
chr12	56041351	56041352	ENSG00000197728	-0.288842759814242	C/G	1	CD8	47
chr12	56041351	56041352	ENSG00000197728	0.988307178061353	C/C	1	CD8	48
chr12	56041351	56041352	ENSG00000197728	0.836445792794538	C/C	1	CD8	49
chr12	56041351	56041352	ENSG00000197728	-0.830198002148685	G/G	1	CD8	50
chr12	56041351	56041352	ENSG00000197728	-0.477411577479228	G/G	1	CD8	51
chr12	56041351	56041352	ENSG00000197728	0.736580485082496	C/C	1	CD8	52
chr12	56041351	56041352	ENSG00000197728	-0.31430626201906	C/G	1	CD8	53
chr12	56041351	56041352	ENSG00000197728	0.351486293782226	C/G	1	CD8	54
chr12	56041351	56041352	ENSG00000197728	-0.109640238815879	C/G	1	CD8	55
chr12	56041351	56041352	ENSG00000197728	0.302136991035982	C/G	1	CD8	56
chr12	56041351	56041352	ENSG00000197728	0.532444957541784	C/G	1	CD8	57
chr12	56041351	56041352	ENSG00000197728	0.402081361630587	C/G	1	CD8	58
chr12	56041351	56041352	ENSG00000197728	-0.183779818161539	C/G	1	CD8	59
chr12	56041351	56041352	ENSG00000197728	-1.03773589147822	G/G	1	CD8	60
chr12	56041351	56041352	ENSG00000197728	-0.394763902874216	C/G	1	CD8	61
chr12	56041351	56041352	ENSG00000197728	1.03052430402204	C/C	1	CD8	62
chr12	56041351	56041352	ENSG00000197728	-0.757940589292262	G/G	1	CD8	63
chr12	56041351	56041352	ENSG00000197728	1.30792378032247	C/C	1	CD8	64
chr12	56041351	56041352	ENSG00000197728	-1.31744357068171	G/G	1	CD8	65
chr12	56041351	56041352	ENSG00000197728	-0.626234073532351	G/G	1	CD8	66
chr12	56041351	56041352	ENSG00000197728	1.69676020142377	C/C	1	CD8	67
chr12	56041351	56041352	ENSG00000197728	-0.449649646044631	G/G	1	CD8	68
chr12	56041351	56041352	ENSG00000197728	-0.868308462458252	G/G	1	CD8	69
chr12	56041351	56041352	ENSG00000197728	0.035547007256483	C/G	1	CD8	70
chr12	56041351	56041352	ENSG00000197728	1.51915020830263	C/C	1	CD8	71
chr12	56041351	56041352	ENSG00000197728	-0.340639723138862	C/G	1	CD8	72
chr12	56041351	56041352	ENSG00000197728	1.24620470821256	C/C	1	CD8	73
chr12	56041351	56041352	ENSG00000197728	-1.19428089205626	G/G	1	CD8	74
chr12	56041351	56041352	ENSG00000197728	-0.657696281513854	G/G	1	CD8	75
chr12	56041351	56041352	ENSG00000197728	0.61572069476856	C/G	1	CD8	76
chr12	56041351	56041352	ENSG00000197728	-1.25299736376718	G/G	1	CD8	77
chr12	56041351	56041352	ENSG00000197728	-0.595280496740382	G/G	1	CD8	78
chr12	56041351	56041352	ENSG00000197728	-0.085435929337435	C/G	1	CD8	79
chr12	56041351	56041352	ENSG00000197728	0.505476854608633	C/G	1	CD8	80
chr12	56041351	56041352	ENSG00000197728	-0.949052410869253	G/G	1	CD8	81
chr12	56041351	56041352	ENSG00000197728	1.37310205512236	C/C	1	CD8	82
chr12	56041351	56041352	ENSG00000197728	1.17919120121519	C/C	1	CD8	83
chr12	56041351	56041352	ENSG00000197728	-0.367497858941265	C/G	1	CD8	84
chr12	56041351	56041352	ENSG00000197728	0.156019476666145	C/G	1	CD8	85
chr12	56041351	56041352	ENSG00000197728	1.80423950760506	C/C	1	CD8	86
chr12	56041351	56041352	ENSG00000197728	1.07577886506743	C/C	1	CD8	87
chr12	56041351	56041352	ENSG00000197728	-0.0612045240484747	C/C	1	CD8	88
chr12	56041351	56041352	ENSG00000197728	0.228092691039134	C/G	1	CD8	89
chr12	56041351	56041352	ENSG00000197728	-0.158244332993589	C/G	1	CD8	90
chr12	56041351	56041352	ENSG00000197728	-0.133920864623822	C/G	1	CD8	91
chr12	56041351	56041352	ENSG00000197728	-0.7938342311148	G/G	1	CD8	92
